company,Prev_Close,Current_Price,Changes,comments
Excel Realty N Infra,0.30,0.55,83.33,weekly nse groupall 2022-12-02
Axita Cotton,36.85,55.05,49.39,weekly nse groupall 2022-12-02
Lakshmi Finance,99.65,147.90,48.42,weekly nse groupall 2022-12-02
SBC Exports,11.05,16.25,47.06,weekly nse groupall 2022-12-02
Bhandari Hosiery,4.75,6.70,41.05,weekly nse groupall 2022-12-02
Prime Focus,68.55,90.60,32.17,weekly nse groupall 2022-12-02
HLV L,10.65,13.95,30.99,weekly nse groupall 2022-12-02
Sadbhav Engineering,13.45,17.50,30.11,weekly nse groupall 2022-12-02
DCM Ltd.,74.00,94.60,27.84,weekly nse groupall 2022-12-02
Maha Rashtra Ape,104.65,133.45,27.52,weekly nse groupall 2022-12-02
Nxtdigital L,79.65,101.50,27.43,weekly nse groupall 2022-12-02
Rico Auto Inds.,60.90,77.45,27.18,weekly nse groupall 2022-12-02
Vinny Overseas,78.75,100.15,27.17,weekly nse groupall 2022-12-02
DRC Systems India,29.30,37.25,27.13,weekly nse groupall 2022-12-02
Sumit Woods,28.55,36.25,26.97,weekly nse groupall 2022-12-02
Williamson Magor,18.75,23.75,26.67,weekly nse groupall 2022-12-02
Salasar Techno Engin,32.45,41.10,26.66,weekly nse groupall 2022-12-02
Sanco Industries,9.25,11.70,26.49,weekly nse groupall 2022-12-02
Kridhan Infra,3.40,4.30,26.47,weekly nse groupall 2022-12-02
Moksh Ornaments Ltd.,11.00,13.90,26.36,weekly nse groupall 2022-12-02
Suumaya Industries,35.55,44.80,26.02,weekly nse groupall 2022-12-02
Radhika Jeweltech,138.95,174.75,25.76,weekly nse groupall 2022-12-02
PVP Ventures Ltd.,8.55,10.75,25.73,weekly nse groupall 2022-12-02
Premier Polyfilm,86.25,107.65,24.81,weekly nse groupall 2022-12-02
Dhanlaxmi Bank,15.10,18.45,22.19,weekly nse groupall 2022-12-02
Maral Overseas,56.75,69.15,21.85,weekly nse groupall 2022-12-02
KBC Global,2.75,3.35,21.82,weekly nse groupall 2022-12-02
JaiprakashAssociates,9.40,11.45,21.81,weekly nse groupall 2022-12-02
Raymond Ltd,"1,322.80","1,608.90",21.63,weekly nse groupall 2022-12-02
Cosmo First,693.90,843.40,21.54,weekly nse groupall 2022-12-02
Hubtown,48.45,58.60,20.95,weekly nse groupall 2022-12-02
Refex Industries,253.30,305.10,20.45,weekly nse groupall 2022-12-02
Bajaj HindusthanSuga,11.25,13.50,20.0,weekly nse groupall 2022-12-02
Skipper Ltd.,90.70,108.65,19.79,weekly nse groupall 2022-12-02
LCC Infotech,2.30,2.75,19.57,weekly nse groupall 2022-12-02
Country Condo's,4.10,4.90,19.51,weekly nse groupall 2022-12-02
Ajmera Realty & Infr,281.00,334.65,19.09,weekly nse groupall 2022-12-02
Prozone Intu Propert,21.75,25.90,19.08,weekly nse groupall 2022-12-02
Focus Lighting,263.05,312.50,18.8,weekly nse groupall 2022-12-02
MSTC,282.35,334.00,18.29,weekly nse groupall 2022-12-02
Arrow Greentech,158.25,187.15,18.26,weekly nse groupall 2022-12-02
Network 18 Media & I,62.95,74.20,17.87,weekly nse groupall 2022-12-02
Impex Ferro Tech Ltd,4.20,4.95,17.86,weekly nse groupall 2022-12-02
Sportking India,649.65,763.95,17.59,weekly nse groupall 2022-12-02
Nila Infrastructures,6.85,8.05,17.52,weekly nse groupall 2022-12-02
State Trading,87.75,103.05,17.44,weekly nse groupall 2022-12-02
JK Tyre & Industries,172.95,202.95,17.35,weekly nse groupall 2022-12-02
DCM Nouvelle,152.70,179.10,17.29,weekly nse groupall 2022-12-02
OMDC,"2,536.90","2,967.40",16.97,weekly nse groupall 2022-12-02
Servotech Power Syst,142.05,165.75,16.68,weekly nse groupall 2022-12-02
Nila Spaces L,3.60,4.20,16.67,weekly nse groupall 2022-12-02
Orient Green Power C,8.40,9.80,16.67,weekly nse groupall 2022-12-02
Pearl Polymers,20.95,24.35,16.23,weekly nse groupall 2022-12-02
McNally Bharat E,3.40,3.95,16.18,weekly nse groupall 2022-12-02
BCL Industries,325.90,378.25,16.06,weekly nse groupall 2022-12-02
United Polyfab Gujar,74.40,86.00,15.59,weekly nse groupall 2022-12-02
Sagar Cements,201.00,232.20,15.52,weekly nse groupall 2022-12-02
One97 Communications,465.20,536.95,15.42,weekly nse groupall 2022-12-02
Kirloskar Elect,64.90,74.90,15.41,weekly nse groupall 2022-12-02
Ramky Infrastructure,264.95,305.35,15.25,weekly nse groupall 2022-12-02
Akshar Spintex,57.45,66.20,15.23,weekly nse groupall 2022-12-02
GE Power India,142.95,164.30,14.94,weekly nse groupall 2022-12-02
Morarjee Textiles Li,22.00,25.25,14.77,weekly nse groupall 2022-12-02
Varun Beverages Ltd.,"1,151.95","1,318.60",14.47,weekly nse groupall 2022-12-02
The New India Assur,96.40,110.25,14.37,weekly nse groupall 2022-12-02
Goldiam Internat,124.75,142.65,14.35,weekly nse groupall 2022-12-02
Kamat Hotels (In,84.50,96.50,14.2,weekly nse groupall 2022-12-02
Country Club Hospita,7.40,8.45,14.19,weekly nse groupall 2022-12-02
Globe Textiles (Ind,4.60,5.25,14.13,weekly nse groupall 2022-12-02
Sterling Tools L,255.30,291.30,14.1,weekly nse groupall 2022-12-02
MEP Infrastructure,17.35,19.75,13.83,weekly nse groupall 2022-12-02
DB (International),22.50,25.60,13.78,weekly nse groupall 2022-12-02
Ramco Systems Lt,239.75,272.75,13.76,weekly nse groupall 2022-12-02
Inspirisys Solutions,51.25,58.25,13.66,weekly nse groupall 2022-12-02
Tube Investments,"2,588.30","2,933.30",13.33,weekly nse groupall 2022-12-02
Prudent Corporate Ad,828.30,937.60,13.2,weekly nse groupall 2022-12-02
Cubex Tubings Lt,30.00,33.95,13.17,weekly nse groupall 2022-12-02
Kaya L,321.30,363.45,13.12,weekly nse groupall 2022-12-02
Priti International,128.60,145.20,12.91,weekly nse groupall 2022-12-02
Birlasoft,293.90,331.55,12.81,weekly nse groupall 2022-12-02
Brand Concepts L,238.95,269.45,12.76,weekly nse groupall 2022-12-02
Dhampur Bio Organics,186.40,210.10,12.71,weekly nse groupall 2022-12-02
JK Lakshmi Cement L,665.20,748.55,12.53,weekly nse groupall 2022-12-02
Arshiya,10.00,11.25,12.5,weekly nse groupall 2022-12-02
Sarda Energy & Miner,930.20,"1,045.55",12.4,weekly nse groupall 2022-12-02
DCB Bank,121.50,136.50,12.35,weekly nse groupall 2022-12-02
Andrew Yule & Co,23.55,26.45,12.31,weekly nse groupall 2022-12-02
Sasken Technologies,904.45,"1,014.80",12.2,weekly nse groupall 2022-12-02
Shradha Infraproject,61.95,69.50,12.19,weekly nse groupall 2022-12-02
Indo Thai Securities,291.15,326.50,12.14,weekly nse groupall 2022-12-02
Aditya Birla Capital,135.30,151.70,12.12,weekly nse groupall 2022-12-02
Accelya Solutions In,"1,524.05","1,707.30",12.02,weekly nse groupall 2022-12-02
Faze Three Ltd.,276.40,309.50,11.98,weekly nse groupall 2022-12-02
Adroit Infotech,18.80,21.05,11.97,weekly nse groupall 2022-12-02
Satin Creditcare,130.30,145.90,11.97,weekly nse groupall 2022-12-02
Omkar Speciality Che,15.95,17.85,11.91,weekly nse groupall 2022-12-02
Aarvee Denims an,23.10,25.85,11.9,weekly nse groupall 2022-12-02
Hindware Home Innova,337.75,377.95,11.9,weekly nse groupall 2022-12-02
Tarmat L,50.05,56.00,11.89,weekly nse groupall 2022-12-02
Siyaram Silk,488.25,546.05,11.84,weekly nse groupall 2022-12-02
Suzlon Energy Ltd.,8.45,9.45,11.83,weekly nse groupall 2022-12-02
TV18 Broadcast,36.80,41.15,11.82,weekly nse groupall 2022-12-02
Indian Metal & F,238.40,266.55,11.81,weekly nse groupall 2022-12-02
Mukand Ltd.,102.15,114.20,11.8,weekly nse groupall 2022-12-02
Delta Manufacturing,71.20,79.45,11.59,weekly nse groupall 2022-12-02
ISGEC Heavy Eng,466.05,519.95,11.57,weekly nse groupall 2022-12-02
Globus Spirits Ltd.,797.50,888.90,11.46,weekly nse groupall 2022-12-02
Ugar Sugar Works,81.40,90.70,11.43,weekly nse groupall 2022-12-02
Hind.ConstructionCo.,16.65,18.55,11.41,weekly nse groupall 2022-12-02
Krishana Phoschem,359.20,400.05,11.37,weekly nse groupall 2022-12-02
KIOCL,195.65,217.75,11.3,weekly nse groupall 2022-12-02
Guj. Mineral Dev,144.70,161.05,11.3,weekly nse groupall 2022-12-02
SecUR Credentials,103.45,115.10,11.26,weekly nse groupall 2022-12-02
Gandhi Special,556.45,618.80,11.2,weekly nse groupall 2022-12-02
Dalmia Bharat L,"1,742.15","1,936.70",11.17,weekly nse groupall 2022-12-02
GVK Power & Infrastr,2.70,3.00,11.11,weekly nse groupall 2022-12-02
Uma Exports,43.80,48.60,10.96,weekly nse groupall 2022-12-02
Hinduja Global Solut,"1,265.95","1,403.75",10.89,weekly nse groupall 2022-12-02
Welspun Enterprises,146.55,162.40,10.82,weekly nse groupall 2022-12-02
Titagarh Wagons Ltd.,178.55,197.80,10.78,weekly nse groupall 2022-12-02
Ami Organics,896.30,991.50,10.62,weekly nse groupall 2022-12-02
AGI Greenpac,286.25,316.65,10.62,weekly nse groupall 2022-12-02
Gulshan Polyols Ltd.,229.35,253.60,10.57,weekly nse groupall 2022-12-02
Alkali Metals Ltd.,119.95,132.60,10.55,weekly nse groupall 2022-12-02
Bharat Heavy Ele,81.95,90.55,10.49,weekly nse groupall 2022-12-02
Nahar Spg Mills,277.20,306.00,10.39,weekly nse groupall 2022-12-02
Prestige Estates Pro,460.00,507.80,10.39,weekly nse groupall 2022-12-02
Swan Energy Ltd.,231.00,254.95,10.37,weekly nse groupall 2022-12-02
Manaksia Coated Meta,17.40,19.20,10.34,weekly nse groupall 2022-12-02
L&T Technology Serv,"3,885.85","4,287.35",10.33,weekly nse groupall 2022-12-02
Esab India,"3,764.25","4,151.30",10.28,weekly nse groupall 2022-12-02
RSWM Ltd.,299.15,329.70,10.21,weekly nse groupall 2022-12-02
Hindprakash Industri,100.45,110.70,10.2,weekly nse groupall 2022-12-02
Medico Remedies,283.85,312.55,10.11,weekly nse groupall 2022-12-02
Themis Medicare Ltd.,978.70,"1,076.65",10.01,weekly nse groupall 2022-12-02
Somi Conveyor Beltin,37.95,41.75,10.01,weekly nse groupall 2022-12-02
Debock Industries,13.50,14.85,10.0,weekly nse groupall 2022-12-02
NIIT Ltd.,310.45,341.45,9.99,weekly nse groupall 2022-12-02
Jagsonpal Pharma,305.20,335.65,9.98,weekly nse groupall 2022-12-02
IRB Infrastructure,250.05,274.55,9.8,weekly nse groupall 2022-12-02
Centrum Capital,24.75,27.15,9.7,weekly nse groupall 2022-12-02
Setco Automotive,10.85,11.90,9.68,weekly nse groupall 2022-12-02
MMTC Ltd.,38.25,41.95,9.67,weekly nse groupall 2022-12-02
Kalyan Jewellers Ind,100.15,109.75,9.59,weekly nse groupall 2022-12-02
Godawari Power & Isp,302.90,331.95,9.59,weekly nse groupall 2022-12-02
APL Apollo Tubes,"1,081.85","1,185.50",9.58,weekly nse groupall 2022-12-02
MTAR Technologies,"1,585.95","1,737.80",9.57,weekly nse groupall 2022-12-02
Bandhan Bank,219.15,240.10,9.56,weekly nse groupall 2022-12-02
Ashoka Buildcon Ltd.,74.35,81.45,9.55,weekly nse groupall 2022-12-02
S Chand & Company,179.50,196.60,9.53,weekly nse groupall 2022-12-02
MPS Ltd.,894.25,979.20,9.5,weekly nse groupall 2022-12-02
Sakthi Sugars,21.15,23.15,9.46,weekly nse groupall 2022-12-02
Mold-Tek Technologi.,103.85,113.65,9.44,weekly nse groupall 2022-12-02
Persistent Systems,"3,970.80","4,345.25",9.43,weekly nse groupall 2022-12-02
HPL Electric & Power,99.75,109.15,9.42,weekly nse groupall 2022-12-02
Bombay Burmah,918.65,"1,005.05",9.41,weekly nse groupall 2022-12-02
Apollo Micro Systems,247.30,270.45,9.36,weekly nse groupall 2022-12-02
SKM Egg Produc,123.05,134.55,9.35,weekly nse groupall 2022-12-02
RKEC Projects,44.05,48.15,9.31,weekly nse groupall 2022-12-02
Zensar Technologies,216.70,236.75,9.25,weekly nse groupall 2022-12-02
AMJ Land Holdings L,27.80,30.35,9.17,weekly nse groupall 2022-12-02
Punj. & Sind Ban,21.30,23.25,9.15,weekly nse groupall 2022-12-02
Sambhaav Media Ltd.,3.85,4.20,9.09,weekly nse groupall 2022-12-02
Nelcast Ltd.,87.10,95.00,9.07,weekly nse groupall 2022-12-02
Strides Pharma Scien,320.75,349.80,9.06,weekly nse groupall 2022-12-02
Shriram Properties,74.05,80.75,9.05,weekly nse groupall 2022-12-02
Prince Pipes & Fitti,548.80,597.90,8.95,weekly nse groupall 2022-12-02
Nelco Ltd,749.60,816.70,8.95,weekly nse groupall 2022-12-02
Greenpanel Industrie,356.60,388.40,8.92,weekly nse groupall 2022-12-02
Minda Corporation,202.50,220.55,8.91,weekly nse groupall 2022-12-02
Aspinwall and Co,211.45,230.25,8.89,weekly nse groupall 2022-12-02
Apollo Tyres,293.20,319.20,8.87,weekly nse groupall 2022-12-02
Bannari Amman Spinni,48.15,52.40,8.83,weekly nse groupall 2022-12-02
Sri Adhikari Bro,1.70,1.85,8.82,weekly nse groupall 2022-12-02
GIC Housing Fi,157.30,171.15,8.8,weekly nse groupall 2022-12-02
Damodar Industries,49.70,54.05,8.75,weekly nse groupall 2022-12-02
HLE Glasscoat,633.75,689.00,8.72,weekly nse groupall 2022-12-02
Visagar Polytex Ltd.,1.15,1.25,8.7,weekly nse groupall 2022-12-02
Eastern Silk Indust.,3.45,3.75,8.7,weekly nse groupall 2022-12-02
Puravankara,86.35,93.85,8.69,weekly nse groupall 2022-12-02
Solar Industries Ind,"3,759.70","4,086.20",8.68,weekly nse groupall 2022-12-02
SML Isuzu Ltd.,691.80,751.80,8.67,weekly nse groupall 2022-12-02
Subex Ltd.,31.20,33.90,8.65,weekly nse groupall 2022-12-02
Arvee Laboratories,95.95,104.25,8.65,weekly nse groupall 2022-12-02
E2E Networks,175.60,190.75,8.63,weekly nse groupall 2022-12-02
Hariom Pipe Industri,313.55,340.45,8.58,weekly nse groupall 2022-12-02
Heritage Foods,318.15,345.45,8.58,weekly nse groupall 2022-12-02
Madhav Marbles & Gra,42.25,45.85,8.52,weekly nse groupall 2022-12-02
Roto Pumps Ltd,432.65,469.45,8.51,weekly nse groupall 2022-12-02
Indian Railway Fin,31.80,34.50,8.49,weekly nse groupall 2022-12-02
Atlanta Ltd.,17.75,19.25,8.45,weekly nse groupall 2022-12-02
MphasiS Ltd.,"1,989.55","2,157.35",8.43,weekly nse groupall 2022-12-02
Mastek Li,"1,648.65","1,787.30",8.41,weekly nse groupall 2022-12-02
Patel Integrated Log,13.10,14.20,8.4,weekly nse groupall 2022-12-02
Nahar Indust.Ent,110.85,120.15,8.39,weekly nse groupall 2022-12-02
Jindal St & Pwr,520.80,564.45,8.38,weekly nse groupall 2022-12-02
Atul Ltd.,"8,201.55","8,887.35",8.36,weekly nse groupall 2022-12-02
MPS Infotecnics,0.60,0.65,8.33,weekly nse groupall 2022-12-02
Repco Home Finance L,226.10,244.75,8.25,weekly nse groupall 2022-12-02
Weizmann,107.10,115.90,8.22,weekly nse groupall 2022-12-02
AYM Syntex,71.90,77.80,8.21,weekly nse groupall 2022-12-02
Century Extru.,10.35,11.20,8.21,weekly nse groupall 2022-12-02
JM Financial Ltd.,73.55,79.55,8.16,weekly nse groupall 2022-12-02
Vertoz Advertising,182.80,197.70,8.15,weekly nse groupall 2022-12-02
D B Realty Ltd.,97.45,105.35,8.11,weekly nse groupall 2022-12-02
Ahlada Engineers,101.90,110.15,8.1,weekly nse groupall 2022-12-02
Archies Ltd.,24.10,26.05,8.09,weekly nse groupall 2022-12-02
Pearl Global Industr,440.80,476.30,8.05,weekly nse groupall 2022-12-02
Sutlej Textiles & In,59.90,64.70,8.01,weekly nse groupall 2022-12-02
SPML Infra,31.20,33.70,8.01,weekly nse groupall 2022-12-02
Jyothy Labs,194.85,210.45,8.01,weekly nse groupall 2022-12-02
Power Mech Projects,"2,136.50","2,307.25",7.99,weekly nse groupall 2022-12-02
Aarvi Encon,169.00,182.50,7.99,weekly nse groupall 2022-12-02
GRM Overseas,342.40,369.75,7.99,weekly nse groupall 2022-12-02
Pioneer Distille,183.25,197.85,7.97,weekly nse groupall 2022-12-02
Radico Khaitan,"1,051.10","1,134.15",7.9,weekly nse groupall 2022-12-02
Precision Wires,105.85,114.20,7.89,weekly nse groupall 2022-12-02
DFM Foods Limi,373.40,402.75,7.86,weekly nse groupall 2022-12-02
Mangalam Drugs,132.75,143.15,7.83,weekly nse groupall 2022-12-02
Dhruv Consultancy,56.85,61.30,7.83,weekly nse groupall 2022-12-02
Mirc Electronics,14.70,15.85,7.82,weekly nse groupall 2022-12-02
Lupin Ltd.,719.75,776.00,7.82,weekly nse groupall 2022-12-02
SIL Investments Ltd.,306.10,329.90,7.78,weekly nse groupall 2022-12-02
Ramkrishna Forgings,220.70,237.80,7.75,weekly nse groupall 2022-12-02
Saksoft Ltd.,109.60,118.05,7.71,weekly nse groupall 2022-12-02
Sigachi Industries,270.15,290.95,7.7,weekly nse groupall 2022-12-02
Madhya Bharat Agro,467.40,503.40,7.7,weekly nse groupall 2022-12-02
M&M Fin.Services,212.65,229.00,7.69,weekly nse groupall 2022-12-02
Ceat Ltd.,"1,799.45","1,937.55",7.67,weekly nse groupall 2022-12-02
Alok Industries Ltd.,15.05,16.20,7.64,weekly nse groupall 2022-12-02
Som Distilleries,134.60,144.85,7.62,weekly nse groupall 2022-12-02
Xpro India Ltd.,694.75,747.60,7.61,weekly nse groupall 2022-12-02
SPL Industries L,71.75,77.20,7.6,weekly nse groupall 2022-12-02
Trident Ltd.,34.90,37.55,7.59,weekly nse groupall 2022-12-02
Tilaknagar Industrie,98.90,106.40,7.58,weekly nse groupall 2022-12-02
Nagreeka Exports,39.10,42.05,7.54,weekly nse groupall 2022-12-02
KRBL Ltd.,396.60,426.45,7.53,weekly nse groupall 2022-12-02
Techno Electric&Eng,300.10,322.60,7.5,weekly nse groupall 2022-12-02
Chennai Petro.,201.40,216.50,7.5,weekly nse groupall 2022-12-02
Tanla Platforms,737.50,792.80,7.5,weekly nse groupall 2022-12-02
Bharat Gears,126.85,136.30,7.45,weekly nse groupall 2022-12-02
Venus Pipes & Tubes,663.75,713.15,7.44,weekly nse groupall 2022-12-02
Tide Water Oil,993.60,"1,067.30",7.42,weekly nse groupall 2022-12-02
Airan Ltd.,16.85,18.10,7.42,weekly nse groupall 2022-12-02
Coforge,"3,944.80","4,237.50",7.42,weekly nse groupall 2022-12-02
Bajaj Healthcare,394.25,423.30,7.37,weekly nse groupall 2022-12-02
Shilpa Medicare L,281.40,302.10,7.36,weekly nse groupall 2022-12-02
JK Cement,"3,014.50","3,236.35",7.36,weekly nse groupall 2022-12-02
Indo Tech Transforme,185.35,198.95,7.34,weekly nse groupall 2022-12-02
Apollo Pipes,475.70,510.55,7.33,weekly nse groupall 2022-12-02
Kirloskar Oil Engine,312.90,335.80,7.32,weekly nse groupall 2022-12-02
Triveni Eng.&Ind.Ltd,284.65,305.50,7.32,weekly nse groupall 2022-12-02
ARSS Infrastructure,20.55,22.05,7.3,weekly nse groupall 2022-12-02
Mazagon Dock Ship,852.00,914.00,7.28,weekly nse groupall 2022-12-02
Parag Milk Foods,103.70,111.25,7.28,weekly nse groupall 2022-12-02
Rajshree Sugars,42.60,45.70,7.28,weekly nse groupall 2022-12-02
SVP Global Textiles,31.70,34.00,7.26,weekly nse groupall 2022-12-02
Union Bank of In,76.50,82.05,7.25,weekly nse groupall 2022-12-02
Deccan Cements,491.70,527.25,7.23,weekly nse groupall 2022-12-02
RattanIndia Power,4.15,4.45,7.23,weekly nse groupall 2022-12-02
Cybertech System,127.30,136.50,7.23,weekly nse groupall 2022-12-02
Aries Agro Ltd.,134.10,143.75,7.2,weekly nse groupall 2022-12-02
Sakar Healthcare,235.30,252.15,7.16,weekly nse groupall 2022-12-02
Shriram Pistons,945.80,"1,013.40",7.15,weekly nse groupall 2022-12-02
Bajaj Consumer Care,158.05,169.30,7.12,weekly nse groupall 2022-12-02
Zomato,64.00,68.55,7.11,weekly nse groupall 2022-12-02
Morepen Labs.Lt,28.85,30.90,7.11,weekly nse groupall 2022-12-02
Hathway Cable & Data,16.20,17.35,7.1,weekly nse groupall 2022-12-02
KM Sugar Mills,25.55,27.35,7.05,weekly nse groupall 2022-12-02
Supreme Inds.,"2,343.25","2,508.10",7.04,weekly nse groupall 2022-12-02
PC Jeweller L,79.30,84.85,7.0,weekly nse groupall 2022-12-02
Tamilnadu Petroprod,89.75,96.00,6.96,weekly nse groupall 2022-12-02
Vaibhav Global,327.70,350.45,6.94,weekly nse groupall 2022-12-02
Udaipur Cement Works,31.90,34.10,6.9,weekly nse groupall 2022-12-02
Taj GVK Hotels & Res,205.75,219.90,6.88,weekly nse groupall 2022-12-02
ICICI Lombard Gen.,"1,159.35","1,238.65",6.84,weekly nse groupall 2022-12-02
Mukta Arts Ltd.,55.55,59.35,6.84,weekly nse groupall 2022-12-02
Savita Oil Tech,303.85,324.60,6.83,weekly nse groupall 2022-12-02
Arvind Ltd.,93.05,99.40,6.82,weekly nse groupall 2022-12-02
Mahindra Lifespace D,367.20,392.20,6.81,weekly nse groupall 2022-12-02
Praxis Home Retail L,27.95,29.85,6.8,weekly nse groupall 2022-12-02
HIL,"2,588.45","2,764.25",6.79,weekly nse groupall 2022-12-02
Apar Industries,"1,476.45","1,576.45",6.77,weekly nse groupall 2022-12-02
Ganges Securities,108.65,116.00,6.76,weekly nse groupall 2022-12-02
Tokyo Plast Inte,100.00,106.75,6.75,weekly nse groupall 2022-12-02
Dilip Buildcon Ltd.,223.05,238.10,6.75,weekly nse groupall 2022-12-02
Anjani Portland,226.00,241.20,6.73,weekly nse groupall 2022-12-02
Rajdarshan Indus,32.80,35.00,6.71,weekly nse groupall 2022-12-02
Jaiprakash Power Ven,7.45,7.95,6.71,weekly nse groupall 2022-12-02
Oberoi Realty,894.50,954.25,6.68,weekly nse groupall 2022-12-02
ICICI Pru Life,452.10,482.25,6.67,weekly nse groupall 2022-12-02
Kajaria Ceramics,"1,111.30","1,185.45",6.67,weekly nse groupall 2022-12-02
Ion Exchange (India),"2,618.80","2,792.90",6.65,weekly nse groupall 2022-12-02
Orient Cement Ltd.,123.40,131.60,6.65,weekly nse groupall 2022-12-02
Arihant Superstructu,223.50,238.25,6.6,weekly nse groupall 2022-12-02
Astral Ltd,"1,894.00","2,018.35",6.57,weekly nse groupall 2022-12-02
NDTV,385.60,410.95,6.57,weekly nse groupall 2022-12-02
Compuage Infocom Ltd,24.40,26.00,6.56,weekly nse groupall 2022-12-02
Osia Hyper Retail,300.00,319.65,6.55,weekly nse groupall 2022-12-02
Vishwaraj Sugar Ind,16.05,17.10,6.54,weekly nse groupall 2022-12-02
Remsons Industri,244.40,260.35,6.53,weekly nse groupall 2022-12-02
Godrej Industries Lt,429.60,457.60,6.52,weekly nse groupall 2022-12-02
Nuvoco Vistas Corp,370.00,393.95,6.47,weekly nse groupall 2022-12-02
Rupa & Company L,292.35,311.25,6.46,weekly nse groupall 2022-12-02
Monarch Networth Cap,362.25,385.65,6.46,weekly nse groupall 2022-12-02
MOIL,158.15,168.35,6.45,weekly nse groupall 2022-12-02
RPP Infra Projects L,37.25,39.65,6.44,weekly nse groupall 2022-12-02
Simplex Infrastructu,58.40,62.15,6.42,weekly nse groupall 2022-12-02
Krebs Biochemicals &,108.50,115.45,6.41,weekly nse groupall 2022-12-02
Touchwood Entertainm,99.10,105.45,6.41,weekly nse groupall 2022-12-02
Euro India Fresh,147.10,156.50,6.39,weekly nse groupall 2022-12-02
Aksh Optifibre,10.20,10.85,6.37,weekly nse groupall 2022-12-02
Harrisons Malaya,139.00,147.85,6.37,weekly nse groupall 2022-12-02
GTL Ltd.,7.10,7.55,6.34,weekly nse groupall 2022-12-02
B L Kashyap & Sons,27.60,29.35,6.34,weekly nse groupall 2022-12-02
Jamna Auto Inds.,105.80,112.50,6.33,weekly nse groupall 2022-12-02
Prajay Engineers,13.45,14.30,6.32,weekly nse groupall 2022-12-02
Inox Wind Ltd.,119.65,127.20,6.31,weekly nse groupall 2022-12-02
Rushil Decor Ltd.,379.20,403.10,6.3,weekly nse groupall 2022-12-02
Newgen Software Tech,348.25,370.20,6.3,weekly nse groupall 2022-12-02
Chembond Chemica,246.85,262.40,6.3,weekly nse groupall 2022-12-02
Indian Hume Pipe,158.30,168.25,6.29,weekly nse groupall 2022-12-02
Max Ventures and Ind,164.65,175.00,6.29,weekly nse groupall 2022-12-02
HT Media,19.95,21.20,6.27,weekly nse groupall 2022-12-02
Emami Realty,70.20,74.60,6.27,weekly nse groupall 2022-12-02
DCM Shriram In,69.60,73.95,6.25,weekly nse groupall 2022-12-02
HUDCO,49.70,52.80,6.24,weekly nse groupall 2022-12-02
Dabur India,556.55,591.15,6.22,weekly nse groupall 2022-12-02
Equitas Small Fin,53.40,56.65,6.09,weekly nse groupall 2022-12-02
Aarey Drugs & Ph,37.75,40.05,6.09,weekly nse groupall 2022-12-02
Max Financial Servic,665.75,706.20,6.08,weekly nse groupall 2022-12-02
RHI Magnesita India,773.15,820.05,6.07,weekly nse groupall 2022-12-02
Rama Phosphates,253.35,268.70,6.06,weekly nse groupall 2022-12-02
Alphageo (India),273.00,289.55,6.06,weekly nse groupall 2022-12-02
Modison L,61.20,64.90,6.05,weekly nse groupall 2022-12-02
Lemon Tree Hotels,93.40,99.05,6.05,weekly nse groupall 2022-12-02
Raj Television Netwo,46.40,49.20,6.03,weekly nse groupall 2022-12-02
Sharda Cropchem,409.95,434.45,5.98,weekly nse groupall 2022-12-02
Talbros Auto.,461.95,489.55,5.97,weekly nse groupall 2022-12-02
Intellect Design,443.80,470.30,5.97,weekly nse groupall 2022-12-02
Cyient Ltd.,796.70,844.30,5.97,weekly nse groupall 2022-12-02
DCM Shriram,838.60,888.65,5.97,weekly nse groupall 2022-12-02
Britannia Ind.,"4,183.70","4,432.90",5.96,weekly nse groupall 2022-12-02
Steel ExchangeIndia,12.60,13.35,5.95,weekly nse groupall 2022-12-02
Emami,433.70,459.50,5.95,weekly nse groupall 2022-12-02
Onward Technolog,315.05,333.65,5.9,weekly nse groupall 2022-12-02
Force Motors,"1,460.40","1,546.40",5.89,weekly nse groupall 2022-12-02
Gayatri Highways,0.85,0.90,5.88,weekly nse groupall 2022-12-02
Heidelberg Cement In,195.50,207.00,5.88,weekly nse groupall 2022-12-02
Paradeep Phospha,55.40,58.65,5.87,weekly nse groupall 2022-12-02
Sonata Software,552.95,585.25,5.84,weekly nse groupall 2022-12-02
Madhucon Project,5.15,5.45,5.83,weekly nse groupall 2022-12-02
Fourth Dimension Sol,84.55,89.45,5.8,weekly nse groupall 2022-12-02
Shree Digvijay,66.40,70.25,5.8,weekly nse groupall 2022-12-02
ADF Foods Ltd.,771.75,816.50,5.8,weekly nse groupall 2022-12-02
IDBI Bank,50.95,53.90,5.79,weekly nse groupall 2022-12-02
Mahindra EPC Irrigat,95.15,100.65,5.78,weekly nse groupall 2022-12-02
Tarsons Products,692.50,732.50,5.78,weekly nse groupall 2022-12-02
MarathonNextgenRea,236.40,250.05,5.77,weekly nse groupall 2022-12-02
Symphony,880.60,931.05,5.73,weekly nse groupall 2022-12-02
Nath Bio-Genes,160.10,169.25,5.72,weekly nse groupall 2022-12-02
Lasa Supergenerics,31.50,33.30,5.71,weekly nse groupall 2022-12-02
Goodyear India,"1,093.65","1,155.45",5.65,weekly nse groupall 2022-12-02
NLC India L,83.55,88.25,5.63,weekly nse groupall 2022-12-02
Geekay Wires,75.95,80.20,5.6,weekly nse groupall 2022-12-02
Reliance Infrastruct,154.30,162.90,5.57,weekly nse groupall 2022-12-02
Bombay Dyeing,80.80,85.30,5.57,weekly nse groupall 2022-12-02
G M Breweries Ltd.,582.35,614.80,5.57,weekly nse groupall 2022-12-02
Nagarjuna Fertilizer,8.10,8.55,5.56,weekly nse groupall 2022-12-02
Oracle Financial Ser,"3,049.35","3,218.80",5.56,weekly nse groupall 2022-12-02
We Win,45.05,47.55,5.55,weekly nse groupall 2022-12-02
Bhansali Engg.Po,110.15,116.25,5.54,weekly nse groupall 2022-12-02
Motherson Sumi Wirin,57.05,60.20,5.52,weekly nse groupall 2022-12-02
Sundaram Finance Hol,93.45,98.60,5.51,weekly nse groupall 2022-12-02
Kalyani Investment,"1,809.15","1,908.45",5.49,weekly nse groupall 2022-12-02
Manappuram Finance,113.20,119.40,5.48,weekly nse groupall 2022-12-02
Fusion Micro Finance,360.25,379.95,5.47,weekly nse groupall 2022-12-02
Tata Steel,106.20,112.00,5.46,weekly nse groupall 2022-12-02
Mawana Sugars Ltd.,83.70,88.25,5.44,weekly nse groupall 2022-12-02
Khaitan (India),49.70,52.40,5.43,weekly nse groupall 2022-12-02
Kesoram Industri,54.40,57.35,5.42,weekly nse groupall 2022-12-02
GMR Airports Infra,40.70,42.90,5.41,weekly nse groupall 2022-12-02
Kothari Products,108.60,114.45,5.39,weekly nse groupall 2022-12-02
Piramal Pharma,133.60,140.80,5.39,weekly nse groupall 2022-12-02
Angel One,"1,536.65","1,619.15",5.37,weekly nse groupall 2022-12-02
Sakuma Exports,14.90,15.70,5.37,weekly nse groupall 2022-12-02
The Andhra Sugars,128.80,135.70,5.36,weekly nse groupall 2022-12-02
Muthoot Finance,"1,078.00","1,135.75",5.36,weekly nse groupall 2022-12-02
PDS L,346.10,364.60,5.35,weekly nse groupall 2022-12-02
Om Infra,37.40,39.40,5.35,weekly nse groupall 2022-12-02
Go Fashion (India),"1,136.35","1,196.80",5.32,weekly nse groupall 2022-12-02
Triveni Turbine,275.60,290.20,5.3,weekly nse groupall 2022-12-02
INEOS Styrolution,782.95,824.40,5.29,weekly nse groupall 2022-12-02
5Paisa Capital,311.80,328.25,5.28,weekly nse groupall 2022-12-02
Ritco Logistics,184.80,194.55,5.28,weekly nse groupall 2022-12-02
UltraTech Cement,"6,874.00","7,237.05",5.28,weekly nse groupall 2022-12-02
Hind. Food,684.85,720.95,5.27,weekly nse groupall 2022-12-02
SRF Ltd.,"2,278.70","2,398.60",5.26,weekly nse groupall 2022-12-02
DB Corp,111.40,117.25,5.25,weekly nse groupall 2022-12-02
The Ramco Cements,656.75,691.15,5.24,weekly nse groupall 2022-12-02
Elgi Rubber Co.,34.35,36.15,5.24,weekly nse groupall 2022-12-02
United Spirits,889.35,935.90,5.23,weekly nse groupall 2022-12-02
Brooks Laboratories,112.00,117.85,5.22,weekly nse groupall 2022-12-02
JSW Holdings,"4,138.95","4,354.75",5.21,weekly nse groupall 2022-12-02
Home First Finance,720.15,757.65,5.21,weekly nse groupall 2022-12-02
Cochin Shipyard,627.75,660.30,5.19,weekly nse groupall 2022-12-02
FCS Software Sol.Ltd,2.90,3.05,5.17,weekly nse groupall 2022-12-02
MRF Ltd,"89,904.60","94,554.20",5.17,weekly nse groupall 2022-12-02
Delhivery L,331.70,348.80,5.16,weekly nse groupall 2022-12-02
Garware Hi-Tech Film,682.00,717.05,5.14,weekly nse groupall 2022-12-02
Garden Reach Ship,490.85,516.05,5.13,weekly nse groupall 2022-12-02
Bharat Petroleum,324.45,341.10,5.13,weekly nse groupall 2022-12-02
L&T Finance Holdings,86.90,91.35,5.12,weekly nse groupall 2022-12-02
Bikaji Foods Inter,391.85,411.90,5.12,weekly nse groupall 2022-12-02
Hemisphere Propertie,97.85,102.85,5.11,weekly nse groupall 2022-12-02
Butterfly Gandhima,"1,531.75","1,610.05",5.11,weekly nse groupall 2022-12-02
Nucleus Software,376.25,395.45,5.1,weekly nse groupall 2022-12-02
Indiabulls Real Esta,81.70,85.85,5.08,weekly nse groupall 2022-12-02
Kalyani Steel,318.85,335.05,5.08,weekly nse groupall 2022-12-02
Uttam Sugar Mills,259.95,273.15,5.08,weekly nse groupall 2022-12-02
Agro Tech Foods Ltd.,769.80,808.85,5.07,weekly nse groupall 2022-12-02
Cords Cable Industri,67.45,70.85,5.04,weekly nse groupall 2022-12-02
Carborundum Uni.,820.50,861.65,5.02,weekly nse groupall 2022-12-02
Va Tech Wabag,311.00,326.60,5.02,weekly nse groupall 2022-12-02
Simbhaoli Sugars,21.95,23.05,5.01,weekly nse groupall 2022-12-02
Reliance Power L,16.00,16.80,5.0,weekly nse groupall 2022-12-02
Manali Petrochem,80.15,84.15,4.99,weekly nse groupall 2022-12-02
Indian Oil Corp,73.35,77.00,4.98,weekly nse groupall 2022-12-02
Hindustan Media Vent,55.25,58.00,4.98,weekly nse groupall 2022-12-02
Den Networks Ltd.,35.25,37.00,4.96,weekly nse groupall 2022-12-02
Craftsman Automation,"3,031.80","3,182.15",4.96,weekly nse groupall 2022-12-02
Jupiter Wagons,79.75,83.70,4.95,weekly nse groupall 2022-12-02
IFCI Ltd.,13.15,13.80,4.94,weekly nse groupall 2022-12-02
Gujarat Gas,492.10,516.30,4.92,weekly nse groupall 2022-12-02
Shaily Engineering P,"1,641.05","1,721.55",4.91,weekly nse groupall 2022-12-02
Infibeam Avenues,16.35,17.15,4.89,weekly nse groupall 2022-12-02
Airo Lam,89.05,93.40,4.88,weekly nse groupall 2022-12-02
Deepak Nitrite,"2,108.55","2,211.50",4.88,weekly nse groupall 2022-12-02
Ravi Kumar Distiller,18.45,19.35,4.88,weekly nse groupall 2022-12-02
Polycab India,"2,550.10","2,674.30",4.87,weekly nse groupall 2022-12-02
Grasim Inds.,"1,735.15","1,819.65",4.87,weekly nse groupall 2022-12-02
PB Fintech,460.55,483.00,4.87,weekly nse groupall 2022-12-02
Piramal Enterprises,819.85,859.70,4.86,weekly nse groupall 2022-12-02
SBI Life Insurance,"1,235.25","1,295.15",4.85,weekly nse groupall 2022-12-02
Karnataka Bank,144.30,151.30,4.85,weekly nse groupall 2022-12-02
Lincoln Pharmace,322.55,338.20,4.85,weekly nse groupall 2022-12-02
Nahar Capital & Fina,320.90,336.40,4.83,weekly nse groupall 2022-12-02
United Breweries Ltd,"1,656.10","1,735.80",4.81,weekly nse groupall 2022-12-02
TCI Ltd.,648.20,679.35,4.81,weekly nse groupall 2022-12-02
Tata Steel Long Prod,640.00,670.75,4.8,weekly nse groupall 2022-12-02
TruCap Finance,56.40,59.10,4.79,weekly nse groupall 2022-12-02
Black Box,138.70,145.35,4.79,weekly nse groupall 2022-12-02
Rama Steel Tubes,166.20,174.15,4.78,weekly nse groupall 2022-12-02
Welspun Corp,238.45,249.85,4.78,weekly nse groupall 2022-12-02
Madras Fertilize,51.40,53.85,4.77,weekly nse groupall 2022-12-02
DCM Financial,6.30,6.60,4.76,weekly nse groupall 2022-12-02
Kamdhenu Ispat,271.40,284.30,4.75,weekly nse groupall 2022-12-02
TARC,41.05,43.00,4.75,weekly nse groupall 2022-12-02
Bhagyanagar India Lt,46.30,48.50,4.75,weekly nse groupall 2022-12-02
Urja Global,10.55,11.05,4.74,weekly nse groupall 2022-12-02
Rana Sugars,23.20,24.30,4.74,weekly nse groupall 2022-12-02
Huhtamaki India,186.30,195.05,4.7,weekly nse groupall 2022-12-02
Banswara Syntex,108.50,113.60,4.7,weekly nse groupall 2022-12-02
Mahindra Holidays,273.75,286.60,4.69,weekly nse groupall 2022-12-02
Eurotex Inds.,10.65,11.15,4.69,weekly nse groupall 2022-12-02
CCL Products India,506.10,529.80,4.68,weekly nse groupall 2022-12-02
PPAP Automotive,206.50,216.15,4.67,weekly nse groupall 2022-12-02
Hindalco Indus.,440.65,461.10,4.64,weekly nse groupall 2022-12-02
Prakash Indus.,52.90,55.35,4.63,weekly nse groupall 2022-12-02
AIA Engineering,"2,639.90","2,761.85",4.62,weekly nse groupall 2022-12-02
Texmaco Infrastructu,61.85,64.70,4.61,weekly nse groupall 2022-12-02
Indo Rama Synth.,53.20,55.65,4.61,weekly nse groupall 2022-12-02
Alembic Ltd.,72.80,76.15,4.6,weekly nse groupall 2022-12-02
Transformers & Recti,58.10,60.75,4.56,weekly nse groupall 2022-12-02
Cummins India Lt,"1,379.25","1,442.10",4.56,weekly nse groupall 2022-12-02
Mercator Ltd.,1.10,1.15,4.55,weekly nse groupall 2022-12-02
Hi-Tech Pipes Ltd.,801.10,837.55,4.55,weekly nse groupall 2022-12-02
Asso. Alcohols,434.20,453.85,4.53,weekly nse groupall 2022-12-02
Godfrey Phillips Ind,"1,741.05","1,819.75",4.52,weekly nse groupall 2022-12-02
Subros Ltd.,294.70,307.95,4.5,weekly nse groupall 2022-12-02
Zee Entertainment En,259.40,271.05,4.49,weekly nse groupall 2022-12-02
IDFC L,80.20,83.80,4.49,weekly nse groupall 2022-12-02
TRF Ltd,162.95,170.25,4.48,weekly nse groupall 2022-12-02
Ravinder Heights,24.60,25.70,4.47,weekly nse groupall 2022-12-02
JHS Svendgaard Labor,22.35,23.35,4.47,weekly nse groupall 2022-12-02
Shree Rama Multi,13.50,14.10,4.44,weekly nse groupall 2022-12-02
D P Wires,386.75,403.90,4.43,weekly nse groupall 2022-12-02
Century Plyboards,539.90,563.75,4.42,weekly nse groupall 2022-12-02
Sona BLW Precision,442.55,462.05,4.41,weekly nse groupall 2022-12-02
KDDL Ltd.,969.95,"1,012.70",4.41,weekly nse groupall 2022-12-02
Crown Lifters,36.40,38.00,4.4,weekly nse groupall 2022-12-02
Equitas Holdings Ltd,113.90,118.90,4.39,weekly nse groupall 2022-12-02
Guj. Amb.Exports,230.05,240.15,4.39,weekly nse groupall 2022-12-02
GeeCee Ventures,162.30,169.40,4.37,weekly nse groupall 2022-12-02
Hind. Composites,291.25,303.95,4.36,weekly nse groupall 2022-12-02
STEL Holdings,136.10,142.00,4.34,weekly nse groupall 2022-12-02
Thyrocare Tech.,613.85,640.25,4.3,weekly nse groupall 2022-12-02
Pressman Advertising,46.50,48.50,4.3,weekly nse groupall 2022-12-02
Hind. Petrol,226.05,235.70,4.27,weekly nse groupall 2022-12-02
Johnson Controls-Hit,"1,109.60","1,156.85",4.26,weekly nse groupall 2022-12-02
Mazda Ltd.,625.30,651.85,4.25,weekly nse groupall 2022-12-02
Supreme Petroche,748.65,780.30,4.23,weekly nse groupall 2022-12-02
Metro Brands,801.00,834.90,4.23,weekly nse groupall 2022-12-02
Wonderla Holidays Lt,363.95,379.35,4.23,weekly nse groupall 2022-12-02
Hercules Hoists,184.40,192.15,4.2,weekly nse groupall 2022-12-02
Sarthak Metals,132.45,138.00,4.19,weekly nse groupall 2022-12-02
Shankara Building Pr,698.75,728.05,4.19,weekly nse groupall 2022-12-02
Vadilal Indus.,"2,462.95","2,565.90",4.18,weekly nse groupall 2022-12-02
Burnpur Cement Ltd.,4.80,5.00,4.17,weekly nse groupall 2022-12-02
Ashapura Min. Lt,87.45,91.10,4.17,weekly nse groupall 2022-12-02
Stylam Industries,"1,098.25","1,143.95",4.16,weekly nse groupall 2022-12-02
Hero MotoCorp,"2,708.15","2,820.45",4.15,weekly nse groupall 2022-12-02
Tata Metaliks,756.65,787.95,4.14,weekly nse groupall 2022-12-02
Jayaswal Neco Indust,25.40,26.45,4.13,weekly nse groupall 2022-12-02
Great Eastern,666.45,693.95,4.13,weekly nse groupall 2022-12-02
Loyal Textiles M,768.65,800.20,4.1,weekly nse groupall 2022-12-02
Hatsun Agro Prod,908.30,945.55,4.1,weekly nse groupall 2022-12-02
Jayshree Tea,99.10,103.15,4.09,weekly nse groupall 2022-12-02
Steel Authority,83.35,86.75,4.08,weekly nse groupall 2022-12-02
Ruby Mills,211.90,220.55,4.08,weekly nse groupall 2022-12-02
Shalby,143.70,149.55,4.07,weekly nse groupall 2022-12-02
ACC,"2,507.25","2,609.30",4.07,weekly nse groupall 2022-12-02
PCBL,136.35,141.90,4.07,weekly nse groupall 2022-12-02
Dalmia Bharat Sugar,352.60,366.90,4.06,weekly nse groupall 2022-12-02
Relaxo Footwears,918.75,956.05,4.06,weekly nse groupall 2022-12-02
Kakatiya Cement Suga,204.80,213.10,4.05,weekly nse groupall 2022-12-02
Kernex Microsystems,340.70,354.50,4.05,weekly nse groupall 2022-12-02
North Eastern Carry,25.90,26.95,4.05,weekly nse groupall 2022-12-02
GTL Infrastructure,1.25,1.30,4.0,weekly nse groupall 2022-12-02
Salona Cotspin L,276.10,287.15,4.0,weekly nse groupall 2022-12-02
Star Cement,102.45,106.55,4.0,weekly nse groupall 2022-12-02
Oil India Ltd.,199.90,207.90,4.0,weekly nse groupall 2022-12-02
Route Mobile,"1,297.45","1,349.20",3.99,weekly nse groupall 2022-12-02
Reliance Inds.,"2,617.60","2,722.15",3.99,weekly nse groupall 2022-12-02
Firstsource Solution,109.20,113.55,3.98,weekly nse groupall 2022-12-02
Dish TV India Ltd.,21.35,22.20,3.98,weekly nse groupall 2022-12-02
Kewal Kiran Clothing,470.20,488.75,3.95,weekly nse groupall 2022-12-02
Worth Peripherals,108.90,113.20,3.95,weekly nse groupall 2022-12-02
Ucal Fuel System,131.80,137.00,3.95,weekly nse groupall 2022-12-02
Mangalore Refine,57.05,59.30,3.94,weekly nse groupall 2022-12-02
Tirupati Forge,19.05,19.80,3.94,weekly nse groupall 2022-12-02
Happiest Minds Tech,948.40,985.70,3.93,weekly nse groupall 2022-12-02
Sintex Plastics Tech,2.55,2.65,3.92,weekly nse groupall 2022-12-02
Ambika Cotton Mi,"1,495.85","1,554.40",3.91,weekly nse groupall 2022-12-02
Nitin Spinners,199.70,207.50,3.91,weekly nse groupall 2022-12-02
SBI Cards and Pay,806.85,838.35,3.9,weekly nse groupall 2022-12-02
Agro Phos India,38.60,40.10,3.89,weekly nse groupall 2022-12-02
Omaxe Ltd.,75.85,78.80,3.89,weekly nse groupall 2022-12-02
Nazara Technologies,597.80,621.05,3.89,weekly nse groupall 2022-12-02
Quess Corp,422.85,439.30,3.89,weekly nse groupall 2022-12-02
Kriti Nutrients,52.90,54.95,3.88,weekly nse groupall 2022-12-02
Bhageria Industries,164.95,171.30,3.85,weekly nse groupall 2022-12-02
PTL Enterprises,31.15,32.35,3.85,weekly nse groupall 2022-12-02
Orient Bell,529.90,550.30,3.85,weekly nse groupall 2022-12-02
Rollatainers Ltd,1.30,1.35,3.85,weekly nse groupall 2022-12-02
La Opala RG Ltd.,400.20,415.60,3.85,weekly nse groupall 2022-12-02
Shree Cement,"23,204.35","24,094.85",3.84,weekly nse groupall 2022-12-02
Donear Industrie,63.90,66.35,3.83,weekly nse groupall 2022-12-02
Blue Dart Expres,"7,363.50","7,645.85",3.83,weekly nse groupall 2022-12-02
Max Healthcare Inst.,431.05,447.50,3.82,weekly nse groupall 2022-12-02
Indian Bank,271.95,282.35,3.82,weekly nse groupall 2022-12-02
Rain Industries,178.55,185.35,3.81,weekly nse groupall 2022-12-02
Vardhman Special St,250.05,259.55,3.8,weekly nse groupall 2022-12-02
Aditya Birla SL AMC,418.05,433.95,3.8,weekly nse groupall 2022-12-02
HEG Ltd.,"1,021.30","1,060.00",3.79,weekly nse groupall 2022-12-02
Lotus Eye Hospital,88.30,91.65,3.79,weekly nse groupall 2022-12-02
Ortin Laborator.,22.50,23.35,3.78,weekly nse groupall 2022-12-02
Take Solutions Ltd.,23.85,24.75,3.77,weekly nse groupall 2022-12-02
Tata Elxsi,"6,779.95","7,033.95",3.75,weekly nse groupall 2022-12-02
Tin Plate Co.,317.05,328.95,3.75,weekly nse groupall 2022-12-02
Paisalo Digital L,80.15,83.15,3.74,weekly nse groupall 2022-12-02
LIC,627.75,651.25,3.74,weekly nse groupall 2022-12-02
South Indian Ban,16.15,16.75,3.72,weekly nse groupall 2022-12-02
Standard Indust,26.95,27.95,3.71,weekly nse groupall 2022-12-02
A2Z Infra Engineer,10.80,11.20,3.7,weekly nse groupall 2022-12-02
Monte Carlo Fashions,721.35,747.95,3.69,weekly nse groupall 2022-12-02
Gulf Oil Lubricants,439.60,455.80,3.69,weekly nse groupall 2022-12-02
Arvind SmartSpaces,260.85,270.40,3.66,weekly nse groupall 2022-12-02
NBCC (India),41.15,42.65,3.65,weekly nse groupall 2022-12-02
Cholamandalam Financ,585.40,606.75,3.65,weekly nse groupall 2022-12-02
UFO Moviez India Ltd,100.10,103.75,3.65,weekly nse groupall 2022-12-02
ITD Cementation Indi,118.20,122.50,3.64,weekly nse groupall 2022-12-02
Godha Cabcon & Insul,2.75,2.85,3.64,weekly nse groupall 2022-12-02
Marico Ltd.,486.25,503.85,3.62,weekly nse groupall 2022-12-02
Prism Johnson,123.40,127.85,3.61,weekly nse groupall 2022-12-02
ABM International L,66.60,69.00,3.6,weekly nse groupall 2022-12-02
Campus Activewear,439.70,455.50,3.59,weekly nse groupall 2022-12-02
Gabriel India,182.75,189.30,3.58,weekly nse groupall 2022-12-02
Godrej Properties Lt,"1,287.45","1,333.60",3.58,weekly nse groupall 2022-12-02
DLF Ltd.,396.60,410.75,3.57,weekly nse groupall 2022-12-02
Nippon Life AMC,260.45,269.75,3.57,weekly nse groupall 2022-12-02
Vijaya Diagnostic,451.20,467.30,3.57,weekly nse groupall 2022-12-02
Supreme Engineering,1.40,1.45,3.57,weekly nse groupall 2022-12-02
Kellton Tech Solutio,59.10,61.20,3.55,weekly nse groupall 2022-12-02
Cinevista L,11.30,11.70,3.54,weekly nse groupall 2022-12-02
Hind. Copper,114.60,118.65,3.53,weekly nse groupall 2022-12-02
Caplin Point Lab,735.15,761.05,3.52,weekly nse groupall 2022-12-02
Bliss GVS Pharma,71.15,73.65,3.51,weekly nse groupall 2022-12-02
3P Land Holdings,17.10,17.70,3.51,weekly nse groupall 2022-12-02
Technocraft Industri,855.05,885.00,3.5,weekly nse groupall 2022-12-02
Advani Hotels,79.10,81.85,3.48,weekly nse groupall 2022-12-02
Ankit Metal & Power,5.75,5.95,3.48,weekly nse groupall 2022-12-02
Goodluck India,473.20,489.60,3.47,weekly nse groupall 2022-12-02
Delta Corp Ltd.,220.75,228.40,3.47,weekly nse groupall 2022-12-02
Automotive Stampings,386.10,399.50,3.47,weekly nse groupall 2022-12-02
Indo Count Inds.,134.50,139.15,3.46,weekly nse groupall 2022-12-02
National Alumini,75.40,78.00,3.45,weekly nse groupall 2022-12-02
RPSG Ventures,480.30,496.80,3.44,weekly nse groupall 2022-12-02
Rashtriya Chemicals,119.50,123.60,3.43,weekly nse groupall 2022-12-02
Sunflag Iron,89.20,92.25,3.42,weekly nse groupall 2022-12-02
Maheshwari Logist,71.95,74.40,3.41,weekly nse groupall 2022-12-02
Asian Hotels (East),113.40,117.25,3.4,weekly nse groupall 2022-12-02
IRIS Clothings,241.75,249.95,3.39,weekly nse groupall 2022-12-02
Godrej Agrovet L,468.85,484.70,3.38,weekly nse groupall 2022-12-02
Indiabulls Housing F,138.15,142.80,3.37,weekly nse groupall 2022-12-02
Intense Technologies,71.40,73.80,3.36,weekly nse groupall 2022-12-02
Bank of India,81.80,84.55,3.36,weekly nse groupall 2022-12-02
Steel City Securitie,59.65,61.65,3.35,weekly nse groupall 2022-12-02
AJR Infra and Toll,1.50,1.55,3.33,weekly nse groupall 2022-12-02
Zydus Lifesciences,402.10,415.50,3.33,weekly nse groupall 2022-12-02
KCP Sugar & In,25.50,26.35,3.33,weekly nse groupall 2022-12-02
Sequent Scientific,91.60,94.65,3.33,weekly nse groupall 2022-12-02
Phoenix Mills,"1,444.25","1,492.25",3.32,weekly nse groupall 2022-12-02
The Hi-Tech Gears,252.80,261.15,3.3,weekly nse groupall 2022-12-02
Panacea Biotec L,136.75,141.25,3.29,weekly nse groupall 2022-12-02
Aurionpro Solutions,335.85,346.85,3.28,weekly nse groupall 2022-12-02
India Cements Lt,240.95,248.85,3.28,weekly nse groupall 2022-12-02
Astron Paper & Board,33.65,34.75,3.27,weekly nse groupall 2022-12-02
Balaji Telefilms Ltd,46.15,47.65,3.25,weekly nse groupall 2022-12-02
Texmo Pipes & Produc,58.55,60.45,3.25,weekly nse groupall 2022-12-02
Asian Energy Service,72.55,74.90,3.24,weekly nse groupall 2022-12-02
JTEKT India,142.60,147.20,3.23,weekly nse groupall 2022-12-02
Shivalik Bimetal,403.35,416.35,3.22,weekly nse groupall 2022-12-02
Tainwala Chem.,95.10,98.15,3.21,weekly nse groupall 2022-12-02
The United Nilgiri,283.40,292.50,3.21,weekly nse groupall 2022-12-02
Himatsingka Seid,93.40,96.40,3.21,weekly nse groupall 2022-12-02
Tech Mahindra,"1,080.15","1,114.75",3.2,weekly nse groupall 2022-12-02
SPIC,64.05,66.10,3.2,weekly nse groupall 2022-12-02
Fairchem Organics,"1,461.45","1,508.00",3.19,weekly nse groupall 2022-12-02
Novartis,658.85,679.80,3.18,weekly nse groupall 2022-12-02
Shreyas Shipping & L,306.85,316.60,3.18,weekly nse groupall 2022-12-02
TGB Banquets,11.00,11.35,3.18,weekly nse groupall 2022-12-02
Dhampur Sugar,227.40,234.60,3.17,weekly nse groupall 2022-12-02
Oswal Green Tech,28.45,29.35,3.16,weekly nse groupall 2022-12-02
Zen Technologies Ltd,193.20,199.30,3.16,weekly nse groupall 2022-12-02
Garware Tech. Fibres,"3,324.35","3,428.95",3.15,weekly nse groupall 2022-12-02
NCL Industries,179.75,185.40,3.14,weekly nse groupall 2022-12-02
UTI AMC,744.10,767.50,3.14,weekly nse groupall 2022-12-02
R Systems Internat.,254.00,261.95,3.13,weekly nse groupall 2022-12-02
India Pesticides,250.20,258.00,3.12,weekly nse groupall 2022-12-02
Voltas Ltd.,829.40,855.25,3.12,weekly nse groupall 2022-12-02
VRL Logistics Ltd.,559.20,576.65,3.12,weekly nse groupall 2022-12-02
Vodafone Idea L,8.05,8.30,3.11,weekly nse groupall 2022-12-02
Ratnamani Metals,"1,913.65","1,973.10",3.11,weekly nse groupall 2022-12-02
TPL Plastech Ltd.,32.30,33.30,3.1,weekly nse groupall 2022-12-02
Summit Securities,625.05,644.35,3.09,weekly nse groupall 2022-12-02
Imagicaaworld Entert,32.50,33.50,3.08,weekly nse groupall 2022-12-02
Oriental Carbon,760.05,783.35,3.07,weekly nse groupall 2022-12-02
Albert David Ltd,589.65,607.75,3.07,weekly nse groupall 2022-12-02
Century Enka,420.45,433.30,3.06,weekly nse groupall 2022-12-02
Hindustan Unilever L,"2,537.45","2,615.10",3.06,weekly nse groupall 2022-12-02
Zodiac Clothing,91.65,94.45,3.06,weekly nse groupall 2022-12-02
CARE Ratings,555.15,572.10,3.05,weekly nse groupall 2022-12-02
Shakti Pumps (In,406.55,418.95,3.05,weekly nse groupall 2022-12-02
Brigade Enterprises,479.75,494.30,3.03,weekly nse groupall 2022-12-02
Jubilant Industries,430.85,443.85,3.02,weekly nse groupall 2022-12-02
Kirloskar Ferrou,308.75,318.05,3.01,weekly nse groupall 2022-12-02
Suvidhaa Infoserve,5.00,5.15,3.0,weekly nse groupall 2022-12-02
PI Industries,"3,384.05","3,485.60",3.0,weekly nse groupall 2022-12-02
Texmaco Rail & Engin,58.55,60.30,2.99,weekly nse groupall 2022-12-02
Apollo Sindoori Hote,"1,353.40","1,393.70",2.98,weekly nse groupall 2022-12-02
Munjal Auto Industr.,50.30,51.80,2.98,weekly nse groupall 2022-12-02
Birla Corporation Lt,951.45,979.80,2.98,weekly nse groupall 2022-12-02
Kitex Garments,192.80,198.50,2.96,weekly nse groupall 2022-12-02
CL Educate,146.95,151.30,2.96,weekly nse groupall 2022-12-02
Universal Cables,283.60,292.00,2.96,weekly nse groupall 2022-12-02
Balrampur Chini,375.65,386.75,2.95,weekly nse groupall 2022-12-02
JBF Industries,8.50,8.75,2.94,weekly nse groupall 2022-12-02
Shemaroo Entertainme,146.75,151.05,2.93,weekly nse groupall 2022-12-02
PNC Infratech,270.90,278.85,2.93,weekly nse groupall 2022-12-02
Oswal Agro Mills,44.60,45.90,2.91,weekly nse groupall 2022-12-02
Swaraj Engines,"1,570.85","1,616.40",2.9,weekly nse groupall 2022-12-02
Supriya Lifescience,244.50,251.60,2.9,weekly nse groupall 2022-12-02
Narmada Agrobase,24.20,24.90,2.89,weekly nse groupall 2022-12-02
Xchanging Solutions,72.95,75.05,2.88,weekly nse groupall 2022-12-02
KNR Constructions,251.60,258.85,2.88,weekly nse groupall 2022-12-02
Sterling and Wilson,280.70,288.75,2.87,weekly nse groupall 2022-12-02
Thangamayil Jeweller,"1,004.20","1,033.05",2.87,weekly nse groupall 2022-12-02
Maithan Alloys Ltd.,931.10,957.70,2.86,weekly nse groupall 2022-12-02
Vikas Ecotech L,3.50,3.60,2.86,weekly nse groupall 2022-12-02
Best Agrolife,"1,596.85","1,642.30",2.85,weekly nse groupall 2022-12-02
Graphite India Ltd.,380.45,391.30,2.85,weekly nse groupall 2022-12-02
Thirumalai Chem.,199.35,205.00,2.83,weekly nse groupall 2022-12-02
ITI,111.35,114.50,2.83,weekly nse groupall 2022-12-02
Valiant Organics,646.90,665.20,2.83,weekly nse groupall 2022-12-02
Vakrangee,30.00,30.85,2.83,weekly nse groupall 2022-12-02
Pfizer Ltd.,"4,462.55","4,588.40",2.82,weekly nse groupall 2022-12-02
Nandan Denim,26.70,27.45,2.81,weekly nse groupall 2022-12-02
GP Petroleums,42.80,44.00,2.8,weekly nse groupall 2022-12-02
Expleo Solutions,"1,236.10","1,270.75",2.8,weekly nse groupall 2022-12-02
Hind. Zinc,297.10,305.40,2.79,weekly nse groupall 2022-12-02
Pidilite Inds.,"2,662.10","2,736.20",2.78,weekly nse groupall 2022-12-02
KEI Industries,"1,572.70","1,616.35",2.78,weekly nse groupall 2022-12-02
General Ins. Corp.,144.65,148.65,2.77,weekly nse groupall 2022-12-02
Times Guaranty,61.30,63.00,2.77,weekly nse groupall 2022-12-02
Navneet Education,125.15,128.60,2.76,weekly nse groupall 2022-12-02
Natco Pharma,566.30,581.95,2.76,weekly nse groupall 2022-12-02
Chemfab Alkalis,301.35,309.60,2.74,weekly nse groupall 2022-12-02
Suprajit Enginee,335.50,344.65,2.73,weekly nse groupall 2022-12-02
City Union Bank,186.55,191.65,2.73,weekly nse groupall 2022-12-02
Exide Inds.,185.55,190.60,2.72,weekly nse groupall 2022-12-02
McLeod Russel,27.55,28.30,2.72,weekly nse groupall 2022-12-02
Suryoday Small Finan,101.60,104.35,2.71,weekly nse groupall 2022-12-02
Sobha,620.40,637.15,2.7,weekly nse groupall 2022-12-02
Aditya Birla Money L,61.05,62.70,2.7,weekly nse groupall 2022-12-02
LIC Housing Fi,383.25,393.60,2.7,weekly nse groupall 2022-12-02
Alankit,11.10,11.40,2.7,weekly nse groupall 2022-12-02
Vaishali Pharma,121.05,124.30,2.68,weekly nse groupall 2022-12-02
Inox Leisure,540.55,555.00,2.67,weekly nse groupall 2022-12-02
Cheviot Co Ltd,"1,200.60","1,232.60",2.67,weekly nse groupall 2022-12-02
AVT Natural Prod,108.65,111.55,2.67,weekly nse groupall 2022-12-02
BLS International Se,361.25,370.90,2.67,weekly nse groupall 2022-12-02
Coastal Corporation,261.70,268.65,2.66,weekly nse groupall 2022-12-02
YES Bank Ltd.,16.95,17.40,2.65,weekly nse groupall 2022-12-02
Sadbhav Infrastructu,5.65,5.80,2.65,weekly nse groupall 2022-12-02
Nitiraj Engineers,71.85,73.75,2.64,weekly nse groupall 2022-12-02
FACT,142.50,146.25,2.63,weekly nse groupall 2022-12-02
Sun Pharma Advanced,247.75,254.25,2.62,weekly nse groupall 2022-12-02
Kingfa Science & Tec,"1,286.10","1,319.65",2.61,weekly nse groupall 2022-12-02
EIH Associated,451.45,463.25,2.61,weekly nse groupall 2022-12-02
Century Textiles,790.05,810.70,2.61,weekly nse groupall 2022-12-02
Dwarikesh Sugar,97.55,100.10,2.61,weekly nse groupall 2022-12-02
Godrej Consumer Prod,859.35,881.65,2.59,weekly nse groupall 2022-12-02
Jai Corp Ltd.,164.35,168.60,2.59,weekly nse groupall 2022-12-02
Avenue Supermarts,"3,904.45","4,005.75",2.59,weekly nse groupall 2022-12-02
LTIMindtree,"4,938.30","5,065.75",2.58,weekly nse groupall 2022-12-02
Shree Renuka Sugars,58.15,59.65,2.58,weekly nse groupall 2022-12-02
Balaji Amines Li,"2,925.00","3,000.05",2.57,weekly nse groupall 2022-12-02
Hind. Oil Explor,140.10,143.70,2.57,weekly nse groupall 2022-12-02
Centum Electronics L,551.35,565.50,2.57,weekly nse groupall 2022-12-02
Khaitan Chemical,74.45,76.35,2.55,weekly nse groupall 2022-12-02
Agarwal Industrial C,634.50,650.70,2.55,weekly nse groupall 2022-12-02
Cerebra Integrat,35.30,36.20,2.55,weekly nse groupall 2022-12-02
Marine Electricals,33.30,34.15,2.55,weekly nse groupall 2022-12-02
Reliance Ind.Inf,"1,023.50","1,049.50",2.54,weekly nse groupall 2022-12-02
Trent Ltd.,"1,432.40","1,468.70",2.53,weekly nse groupall 2022-12-02
Jocil Ltd.,182.75,187.35,2.52,weekly nse groupall 2022-12-02
Sanghi Industrie,67.40,69.10,2.52,weekly nse groupall 2022-12-02
Honda India Power,"2,571.90","2,636.60",2.52,weekly nse groupall 2022-12-02
Rail Vikas Nigam,73.30,75.15,2.52,weekly nse groupall 2022-12-02
Pil Italica Lifestyl,7.95,8.15,2.52,weekly nse groupall 2022-12-02
Vinati Organics,"2,091.70","2,144.25",2.51,weekly nse groupall 2022-12-02
Aro Granite Indu,43.90,45.00,2.51,weekly nse groupall 2022-12-02
Bigbloc Construction,153.70,157.55,2.5,weekly nse groupall 2022-12-02
ICICI Securities,523.35,536.35,2.48,weekly nse groupall 2022-12-02
Zuari Agro Chemicals,157.25,161.15,2.48,weekly nse groupall 2022-12-02
Control Print Ltd.,413.95,424.20,2.48,weekly nse groupall 2022-12-02
Manugraph India Ltd.,14.15,14.50,2.47,weekly nse groupall 2022-12-02
Kovai Medical,"1,720.60","1,763.15",2.47,weekly nse groupall 2022-12-02
Man Infraconstructio,77.10,79.00,2.46,weekly nse groupall 2022-12-02
Linde India,"3,042.20","3,117.00",2.46,weekly nse groupall 2022-12-02
Reliance Chemote,187.35,191.95,2.46,weekly nse groupall 2022-12-02
DMCC Speciality Chem,292.75,299.95,2.46,weekly nse groupall 2022-12-02
Waterbase Ltd.,77.45,79.35,2.45,weekly nse groupall 2022-12-02
Bharat Bijlee,"2,317.00","2,373.35",2.43,weekly nse groupall 2022-12-02
Glenmark Life Scienc,422.35,432.55,2.42,weekly nse groupall 2022-12-02
Heranba Industries L,520.65,533.25,2.42,weekly nse groupall 2022-12-02
Engineers India,80.45,82.40,2.42,weekly nse groupall 2022-12-02
JSW Ispat Special,30.95,31.70,2.42,weekly nse groupall 2022-12-02
Palred Technologies,151.45,155.10,2.41,weekly nse groupall 2022-12-02
Ujjivan SmallFinance,29.20,29.90,2.4,weekly nse groupall 2022-12-02
Container Corpor,762.95,781.25,2.4,weekly nse groupall 2022-12-02
Colgate Palm.,"1,580.00","1,617.90",2.4,weekly nse groupall 2022-12-02
Shoppers Stop,679.95,696.20,2.39,weekly nse groupall 2022-12-02
P&G Health,"4,081.90","4,179.35",2.39,weekly nse groupall 2022-12-02
Wipro,402.80,412.40,2.38,weekly nse groupall 2022-12-02
G R Infraprojects,"1,178.25","1,206.35",2.38,weekly nse groupall 2022-12-02
20 Microns Ltd.,92.70,94.90,2.37,weekly nse groupall 2022-12-02
Wockhardt Ltd.,238.05,243.70,2.37,weekly nse groupall 2022-12-02
ICRA Ltd.,"4,288.50","4,390.15",2.37,weekly nse groupall 2022-12-02
Vipul Ltd.,12.65,12.95,2.37,weekly nse groupall 2022-12-02
Ambuja Cements Ltd.,564.65,577.95,2.36,weekly nse groupall 2022-12-02
Filatex India,95.40,97.65,2.36,weekly nse groupall 2022-12-02
Gillette India,"5,055.30","5,174.10",2.35,weekly nse groupall 2022-12-02
Tips Industries,"1,797.00","1,838.80",2.33,weekly nse groupall 2022-12-02
Pansari Developers,88.00,90.05,2.33,weekly nse groupall 2022-12-02
JSW Steel,726.20,743.05,2.32,weekly nse groupall 2022-12-02
Pitti Engineering,316.90,324.25,2.32,weekly nse groupall 2022-12-02
Veranda Learning Sol,281.90,288.45,2.32,weekly nse groupall 2022-12-02
Snowman Logistics Lt,36.70,37.55,2.32,weekly nse groupall 2022-12-02
Punjab Chemicals and,"1,176.40","1,203.75",2.32,weekly nse groupall 2022-12-02
NRB Industrial Beari,21.65,22.15,2.31,weekly nse groupall 2022-12-02
Dynacons Systems,338.20,346.00,2.31,weekly nse groupall 2022-12-02
Zenith Exports L,93.30,95.45,2.3,weekly nse groupall 2022-12-02
Biofil Chemicals,54.65,55.90,2.29,weekly nse groupall 2022-12-02
Gujarat Pipavav Port,90.05,92.10,2.28,weekly nse groupall 2022-12-02
Onelife Capital Adv,13.30,13.60,2.26,weekly nse groupall 2022-12-02
Trigyn Technolog,102.70,105.00,2.24,weekly nse groupall 2022-12-02
Alpa Laboratories Lt,53.55,54.75,2.24,weekly nse groupall 2022-12-02
Metropolis Healthcar,"1,446.25","1,478.65",2.24,weekly nse groupall 2022-12-02
Info Edge (India),"3,954.60","4,042.60",2.23,weekly nse groupall 2022-12-02
Sapphire Foods India,"1,328.95","1,358.30",2.21,weekly nse groupall 2022-12-02
Banco Products,200.25,204.65,2.2,weekly nse groupall 2022-12-02
Magadh Sugar & Energ,303.25,309.90,2.19,weekly nse groupall 2022-12-02
Kaushalya Infrastruc,4.60,4.70,2.17,weekly nse groupall 2022-12-02
Tamilnad Mercantile,510.05,521.10,2.17,weekly nse groupall 2022-12-02
Zydus Wellness Ltd.,"1,579.10","1,613.35",2.17,weekly nse groupall 2022-12-02
Rane Brake Lining Lt,722.85,738.55,2.17,weekly nse groupall 2022-12-02
The Grob Tea Company,898.00,917.30,2.15,weekly nse groupall 2022-12-02
Indowind Energy Ltd.,14.05,14.35,2.14,weekly nse groupall 2022-12-02
Jindal Drilling,313.95,320.65,2.13,weekly nse groupall 2022-12-02
Indo Borax,148.30,151.45,2.12,weekly nse groupall 2022-12-02
Aditya Birla Fashion,310.60,317.20,2.12,weekly nse groupall 2022-12-02
Avanti Feeds,388.95,397.20,2.12,weekly nse groupall 2022-12-02
Jindal Saw,92.10,94.05,2.12,weekly nse groupall 2022-12-02
Mishra Dhatu Nig,237.15,242.15,2.11,weekly nse groupall 2022-12-02
Avadh Sugar & Energy,508.45,519.20,2.11,weekly nse groupall 2022-12-02
Vikas Lifecare,4.75,4.85,2.11,weekly nse groupall 2022-12-02
Foseco India Lim,"1,961.50","2,002.70",2.1,weekly nse groupall 2022-12-02
Dr. Reddy's Labs,"4,418.10","4,510.40",2.09,weekly nse groupall 2022-12-02
NACL Industries L,93.45,95.40,2.09,weekly nse groupall 2022-12-02
Ksolves India,422.95,431.80,2.09,weekly nse groupall 2022-12-02
Mangalam Global Ent,31.30,31.95,2.08,weekly nse groupall 2022-12-02
Archidply Decor,64.85,66.20,2.08,weekly nse groupall 2022-12-02
Matrimony.com,612.05,624.65,2.06,weekly nse groupall 2022-12-02
BayerCropscience,"4,541.45","4,635.15",2.06,weekly nse groupall 2022-12-02
Dr. Lal Pathlabs Ltd,"2,428.05","2,478.15",2.06,weekly nse groupall 2022-12-02
Power Finance Co,136.50,139.30,2.05,weekly nse groupall 2022-12-02
MSP Steel & Power Lt,9.75,9.95,2.05,weekly nse groupall 2022-12-02
VLS Finance L,134.05,136.80,2.05,weekly nse groupall 2022-12-02
Jindal Poly Films,861.60,879.10,2.03,weekly nse groupall 2022-12-02
Glenmark Pharma,426.35,434.95,2.02,weekly nse groupall 2022-12-02
Sandesh,814.35,830.70,2.01,weekly nse groupall 2022-12-02
HP Adhesives,390.30,398.15,2.01,weekly nse groupall 2022-12-02
3i Infotech,42.25,43.10,2.01,weekly nse groupall 2022-12-02
Rossari Biotech,799.40,815.35,2.0,weekly nse groupall 2022-12-02
Bank of Baroda,167.85,171.20,2.0,weekly nse groupall 2022-12-02
IndiaMART InterMESH,"4,379.60","4,466.75",1.99,weekly nse groupall 2022-12-02
India Glycols,765.00,780.20,1.99,weekly nse groupall 2022-12-02
Avro India,113.70,115.95,1.98,weekly nse groupall 2022-12-02
Eimco Elecon Ind,427.90,436.30,1.96,weekly nse groupall 2022-12-02
Tata Communications,"1,296.15","1,321.55",1.96,weekly nse groupall 2022-12-02
Axis Bank Ltd.,887.75,905.15,1.96,weekly nse groupall 2022-12-02
GMM Pfaudler Ltd,"1,908.30","1,945.40",1.94,weekly nse groupall 2022-12-02
National Fertilizers,56.75,57.85,1.94,weekly nse groupall 2022-12-02
Modi Rubber,70.05,71.40,1.93,weekly nse groupall 2022-12-02
Transwarranty Financ,10.35,10.55,1.93,weekly nse groupall 2022-12-02
Jain Irrigation,33.70,34.35,1.93,weekly nse groupall 2022-12-02
Murudeshwar Cer.,41.60,42.40,1.92,weekly nse groupall 2022-12-02
Suryalakshmi Cot,60.45,61.60,1.9,weekly nse groupall 2022-12-02
Artemis Medicare,76.30,77.75,1.9,weekly nse groupall 2022-12-02
Adani Green Energy,"2,023.95","2,062.30",1.89,weekly nse groupall 2022-12-02
Everest Industries L,749.80,763.95,1.89,weekly nse groupall 2022-12-02
MT Educare Ltd.,7.95,8.10,1.89,weekly nse groupall 2022-12-02
ISMT Ltd.,50.25,51.20,1.89,weekly nse groupall 2022-12-02
Sagardeep Alloys,26.60,27.10,1.88,weekly nse groupall 2022-12-02
Asian Hotels (North),88.50,90.15,1.86,weekly nse groupall 2022-12-02
SEPC Ltd,8.05,8.20,1.86,weekly nse groupall 2022-12-02
Sanghvi Movers L,303.55,309.20,1.86,weekly nse groupall 2022-12-02
India Nippon Ele,420.40,428.20,1.86,weekly nse groupall 2022-12-02
Kalpataru Power,513.85,523.35,1.85,weekly nse groupall 2022-12-02
Macrotech Developers,"1,030.00","1,048.95",1.84,weekly nse groupall 2022-12-02
Future Market Net,5.45,5.55,1.83,weekly nse groupall 2022-12-02
Cigniti Technologies,537.10,546.95,1.83,weekly nse groupall 2022-12-02
Sastasundar Ventures,294.45,299.85,1.83,weekly nse groupall 2022-12-02
Thermax,"2,057.75","2,095.25",1.82,weekly nse groupall 2022-12-02
Indraprastha Gas Ltd,430.60,438.45,1.82,weekly nse groupall 2022-12-02
Geojit Financial,46.80,47.65,1.82,weekly nse groupall 2022-12-02
Gokaldas Exports,381.35,388.20,1.8,weekly nse groupall 2022-12-02
Indian Terrain Fashi,75.10,76.45,1.8,weekly nse groupall 2022-12-02
Mahanagar Gas,891.20,907.25,1.8,weekly nse groupall 2022-12-02
Sundaram Multi P,2.80,2.85,1.79,weekly nse groupall 2022-12-02
MBL Infrastructure L,22.30,22.70,1.79,weekly nse groupall 2022-12-02
Ginni Filaments,33.45,34.05,1.79,weekly nse groupall 2022-12-02
Viji Finance,2.80,2.85,1.79,weekly nse groupall 2022-12-02
REC,109.05,111.00,1.79,weekly nse groupall 2022-12-02
Sat Industries Ltd.,67.10,68.30,1.79,weekly nse groupall 2022-12-02
India Motor Part,735.40,748.60,1.79,weekly nse groupall 2022-12-02
Motilal Oswal Financ,654.50,666.20,1.79,weekly nse groupall 2022-12-02
PVR Ltd.,"1,866.00","1,899.00",1.77,weekly nse groupall 2022-12-02
STL Global Ltd.,19.90,20.25,1.76,weekly nse groupall 2022-12-02
BF Utilities Ltd.,388.15,394.95,1.75,weekly nse groupall 2022-12-02
Krishna Institute,"1,473.70","1,499.50",1.75,weekly nse groupall 2022-12-02
Madhav Copper,25.85,26.30,1.74,weekly nse groupall 2022-12-02
Manorama Industries,"1,058.85","1,077.15",1.73,weekly nse groupall 2022-12-02
Balkrishna Ind.,"2,026.35","2,060.90",1.71,weekly nse groupall 2022-12-02
Mold-Tek Packaging,889.20,904.40,1.71,weekly nse groupall 2022-12-02
Cineline India,111.25,113.15,1.71,weekly nse groupall 2022-12-02
Apollo Hospitals,"4,789.45","4,871.45",1.71,weekly nse groupall 2022-12-02
BGR Energy Systems,67.25,68.40,1.71,weekly nse groupall 2022-12-02
C.E. Info Systems,"1,189.95","1,210.05",1.69,weekly nse groupall 2022-12-02
Hisar Metal Indu,132.75,135.00,1.69,weekly nse groupall 2022-12-02
Ajanta Pharma Lt,"1,232.15","1,252.80",1.68,weekly nse groupall 2022-12-02
Xelpmoc Design and T,143.10,145.50,1.68,weekly nse groupall 2022-12-02
TeamLease Service,"2,486.95","2,528.45",1.67,weekly nse groupall 2022-12-02
Ujaas Energy,3.00,3.05,1.67,weekly nse groupall 2022-12-02
Chaman Lal Setia,119.90,121.90,1.67,weekly nse groupall 2022-12-02
SIS Ltd,389.25,395.75,1.67,weekly nse groupall 2022-12-02
Tembo Global Indust,108.20,110.00,1.66,weekly nse groupall 2022-12-02
Au Small Finance Ban,637.75,648.35,1.66,weekly nse groupall 2022-12-02
Kriti Industries,82.00,83.35,1.65,weekly nse groupall 2022-12-02
Indigo Paints,"1,318.85","1,340.55",1.65,weekly nse groupall 2022-12-02
Lypsa Gems & Jewell,6.05,6.15,1.65,weekly nse groupall 2022-12-02
Mayur Uniquoters,447.70,455.10,1.65,weekly nse groupall 2022-12-02
MRO-TEK Realty,64.15,65.20,1.64,weekly nse groupall 2022-12-02
Chalet Hotels L,362.10,368.05,1.64,weekly nse groupall 2022-12-02
Blue Star,"1,210.70","1,230.60",1.64,weekly nse groupall 2022-12-02
Ashima Ltd.,15.20,15.45,1.64,weekly nse groupall 2022-12-02
IDFC First Bank,58.05,59.00,1.64,weekly nse groupall 2022-12-02
RBL Bank,150.05,152.50,1.63,weekly nse groupall 2022-12-02
Royal Orchid Hotels,292.05,296.80,1.63,weekly nse groupall 2022-12-02
Gland Pharma,"1,693.10","1,720.75",1.63,weekly nse groupall 2022-12-02
Whirlpool of Ind,"1,511.45","1,536.00",1.62,weekly nse groupall 2022-12-02
JTL Industries,299.85,304.70,1.62,weekly nse groupall 2022-12-02
The Byke Hospitality,40.05,40.70,1.62,weekly nse groupall 2022-12-02
Prakash Pipes,163.75,166.40,1.62,weekly nse groupall 2022-12-02
Bedmutha Industries,64.65,65.70,1.62,weekly nse groupall 2022-12-02
Dodla Dairy,482.90,490.70,1.62,weekly nse groupall 2022-12-02
Compucom Softwr,21.55,21.90,1.62,weekly nse groupall 2022-12-02
Ugro Capital,153.55,156.00,1.6,weekly nse groupall 2022-12-02
LGB Forge Ltd.,9.50,9.65,1.58,weekly nse groupall 2022-12-02
Emkay Global Financi,73.10,74.25,1.57,weekly nse groupall 2022-12-02
HCL Infosystem,15.90,16.15,1.57,weekly nse groupall 2022-12-02
Adani Wilmar,631.50,641.40,1.57,weekly nse groupall 2022-12-02
Tribhovandas Bhimji,73.90,75.05,1.56,weekly nse groupall 2022-12-02
Saregama India Ltd.,376.05,381.90,1.56,weekly nse groupall 2022-12-02
Hindustan Aeronautic,"2,731.55","2,774.25",1.56,weekly nse groupall 2022-12-02
Electrotherm (In,70.95,72.05,1.55,weekly nse groupall 2022-12-02
Escorts Kubota,"2,288.35","2,323.80",1.55,weekly nse groupall 2022-12-02
T T Ltd.,93.45,94.90,1.55,weekly nse groupall 2022-12-02
Central Depository,"1,217.95","1,236.85",1.55,weekly nse groupall 2022-12-02
Just Dial,588.40,597.50,1.55,weekly nse groupall 2022-12-02
RattanIndia Enterp,48.80,49.55,1.54,weekly nse groupall 2022-12-02
Navin Fluorine Inter,"4,351.60","4,418.45",1.54,weekly nse groupall 2022-12-02
Speciality Restauran,197.45,200.50,1.54,weekly nse groupall 2022-12-02
Gokul Refoils & Solv,32.90,33.40,1.52,weekly nse groupall 2022-12-02
Visaka Indus.,450.60,457.45,1.52,weekly nse groupall 2022-12-02
Cholamandalam Invest,720.75,731.65,1.51,weekly nse groupall 2022-12-02
Alkem Laboratories,"3,068.35","3,114.45",1.5,weekly nse groupall 2022-12-02
IIFL Wealth Manage,"1,771.25","1,797.85",1.5,weekly nse groupall 2022-12-02
Silly Monks Entertai,30.10,30.55,1.5,weekly nse groupall 2022-12-02
Vascon Engineers Ltd,40.05,40.65,1.5,weekly nse groupall 2022-12-02
Bhartiya Interna,208.55,211.65,1.49,weekly nse groupall 2022-12-02
Pritika Auto Ind.,16.80,17.05,1.49,weekly nse groupall 2022-12-02
Dhunseri Investments,733.35,744.30,1.49,weekly nse groupall 2022-12-02
Naga Dhunseri Group,"1,407.15","1,428.00",1.48,weekly nse groupall 2022-12-02
Borosil L,408.85,414.90,1.48,weekly nse groupall 2022-12-02
CESC Ltd.,74.45,75.55,1.48,weekly nse groupall 2022-12-02
eClerx Services,"1,429.00","1,450.05",1.47,weekly nse groupall 2022-12-02
Raj Oil Mills Ltd.,58.00,58.85,1.47,weekly nse groupall 2022-12-02
Tata Consultancy,"3,389.65","3,439.15",1.46,weekly nse groupall 2022-12-02
Sunteck Realty Ltd.,393.65,399.40,1.46,weekly nse groupall 2022-12-02
Bata India,"1,710.30","1,735.25",1.46,weekly nse groupall 2022-12-02
De Nora India Ltd.,702.60,712.85,1.46,weekly nse groupall 2022-12-02
Bhagyanagar Properti,41.00,41.60,1.46,weekly nse groupall 2022-12-02
PetronetLNG,209.00,212.00,1.44,weekly nse groupall 2022-12-02
Genesys Int.Corp.,494.30,501.40,1.44,weekly nse groupall 2022-12-02
Aarti Ind. Ltd,664.40,673.90,1.43,weekly nse groupall 2022-12-02
HFCL,80.25,81.40,1.43,weekly nse groupall 2022-12-02
HDFC AMC,"2,162.95","2,193.95",1.43,weekly nse groupall 2022-12-02
TTK Healthcare Ltd.,897.20,910.05,1.43,weekly nse groupall 2022-12-02
Rajratan Global Wire,914.70,927.70,1.42,weekly nse groupall 2022-12-02
NTPC,169.75,172.15,1.41,weekly nse groupall 2022-12-02
I G Petrochemicals,524.45,531.80,1.4,weekly nse groupall 2022-12-02
Signet Industries,39.15,39.70,1.4,weekly nse groupall 2022-12-02
Ador Welding Ltd.,860.00,871.95,1.39,weekly nse groupall 2022-12-02
Digicontent,14.35,14.55,1.39,weekly nse groupall 2022-12-02
Nesco Ltd.,620.85,629.45,1.39,weekly nse groupall 2022-12-02
Kaveri Seed Company,508.10,515.15,1.39,weekly nse groupall 2022-12-02
Panache Digilife,65.30,66.20,1.38,weekly nse groupall 2022-12-02
Everest Kanto Cylind,97.65,99.00,1.38,weekly nse groupall 2022-12-02
LG Balakrishnan&Bros,704.35,713.95,1.36,weekly nse groupall 2022-12-02
Parsvnath Developers,7.35,7.45,1.36,weekly nse groupall 2022-12-02
PNB Gilts Ltd.,62.85,63.70,1.35,weekly nse groupall 2022-12-02
Reliance Home Fin,3.70,3.75,1.35,weekly nse groupall 2022-12-02
Omax Auto,59.15,59.95,1.35,weekly nse groupall 2022-12-02
Mittal Life Style,11.15,11.30,1.35,weekly nse groupall 2022-12-02
NMDC Ltd.,118.30,119.90,1.35,weekly nse groupall 2022-12-02
Diligent Media Corp,3.75,3.80,1.33,weekly nse groupall 2022-12-02
BF Investment Ltd.,284.10,287.85,1.32,weekly nse groupall 2022-12-02
Tamilnadu Telecom,7.60,7.70,1.32,weekly nse groupall 2022-12-02
P&G Hygiene&Health,"13,957.05","14,140.80",1.32,weekly nse groupall 2022-12-02
Guj. Sidhee Ceme,38.20,38.70,1.31,weekly nse groupall 2022-12-02
FSN E-Commerce Ventu,176.05,178.35,1.31,weekly nse groupall 2022-12-02
Manaksia Ltd.,76.25,77.25,1.31,weekly nse groupall 2022-12-02
Privi Speciality Che,"1,177.05","1,192.50",1.31,weekly nse groupall 2022-12-02
Can Fin Homes,544.70,551.80,1.3,weekly nse groupall 2022-12-02
PSP Projects,628.70,636.85,1.3,weekly nse groupall 2022-12-02
Tata Coffee,228.75,231.70,1.29,weekly nse groupall 2022-12-02
Lux Industries,"1,694.75","1,716.45",1.28,weekly nse groupall 2022-12-02
Thomas Scott (India),39.00,39.50,1.28,weekly nse groupall 2022-12-02
Capri Global Capital,742.00,751.50,1.28,weekly nse groupall 2022-12-02
Syncom Formul.,7.80,7.90,1.28,weekly nse groupall 2022-12-02
Aurobindo Pharma,464.05,470.00,1.28,weekly nse groupall 2022-12-02
Mrs. Bectors Food Sp,426.20,431.60,1.27,weekly nse groupall 2022-12-02
UNO Minda,549.35,556.30,1.27,weekly nse groupall 2022-12-02
Affle (India),"1,218.00","1,233.45",1.27,weekly nse groupall 2022-12-02
Pioneer Emb.,44.15,44.70,1.25,weekly nse groupall 2022-12-02
J Kumar Infraproject,276.15,279.60,1.25,weekly nse groupall 2022-12-02
Global Health,451.80,457.45,1.25,weekly nse groupall 2022-12-02
Gallantt Ispat,64.20,65.00,1.25,weekly nse groupall 2022-12-02
Kansai Nerolac Paint,435.30,440.70,1.24,weekly nse groupall 2022-12-02
Sejal Glass,252.90,256.00,1.23,weekly nse groupall 2022-12-02
Libas Consumer Produ,20.45,20.70,1.22,weekly nse groupall 2022-12-02
Walchandnagar,65.55,66.35,1.22,weekly nse groupall 2022-12-02
Bosch Ltd.,"16,936.60","17,143.30",1.22,weekly nse groupall 2022-12-02
Edelweiss Fin. Ser,66.20,67.00,1.21,weekly nse groupall 2022-12-02
Tejas Networks,633.70,641.25,1.19,weekly nse groupall 2022-12-02
Surya Roshni Ltd,475.55,481.20,1.19,weekly nse groupall 2022-12-02
Muthoot Capital,285.30,288.70,1.19,weekly nse groupall 2022-12-02
Delphi World Money,405.90,410.70,1.18,weekly nse groupall 2022-12-02
Sirca Paints India,687.30,695.35,1.17,weekly nse groupall 2022-12-02
Lambodhara Texti,102.95,104.15,1.17,weekly nse groupall 2022-12-02
Shyam Century Ferro,21.60,21.85,1.16,weekly nse groupall 2022-12-02
IRCTC,721.70,730.10,1.16,weekly nse groupall 2022-12-02
Asian Granito India,51.75,52.35,1.16,weekly nse groupall 2022-12-02
Divi's Lab,"3,342.65","3,381.25",1.15,weekly nse groupall 2022-12-02
Sun TV Network Ltd.,486.05,491.65,1.15,weekly nse groupall 2022-12-02
Anik Industries,39.00,39.45,1.15,weekly nse groupall 2022-12-02
Bannari Amman Su,"3,048.85","3,084.05",1.15,weekly nse groupall 2022-12-02
Lakshmi Machines,"13,107.45","13,256.40",1.14,weekly nse groupall 2022-12-02
Asian Paints Ltd.,"3,108.15","3,143.45",1.14,weekly nse groupall 2022-12-02
Nestle India,"19,529.35","19,751.20",1.14,weekly nse groupall 2022-12-02
Oriental Trimex,8.75,8.85,1.14,weekly nse groupall 2022-12-02
Peninsula Land L,13.15,13.30,1.14,weekly nse groupall 2022-12-02
GHCL,569.15,575.55,1.12,weekly nse groupall 2022-12-02
Varroc Engineering,289.65,292.90,1.12,weekly nse groupall 2022-12-02
The Anup Engineering,870.70,880.45,1.12,weekly nse groupall 2022-12-02
Gillanders Arbut,75.65,76.50,1.12,weekly nse groupall 2022-12-02
Hitachi Energy India,"2,904.10","2,936.25",1.11,weekly nse groupall 2022-12-02
Linc L,379.90,384.10,1.11,weekly nse groupall 2022-12-02
Greenlam Industries,331.10,334.75,1.1,weekly nse groupall 2022-12-02
Eldeco Housing &,609.85,616.55,1.1,weekly nse groupall 2022-12-02
L&T,"2,062.75","2,085.50",1.1,weekly nse groupall 2022-12-02
3M India Ltd.,"22,900.80","23,149.35",1.09,weekly nse groupall 2022-12-02
Ramco Industries,164.75,166.55,1.09,weekly nse groupall 2022-12-02
Lumax Inds.,"1,890.80","1,910.75",1.06,weekly nse groupall 2022-12-02
Five-Star Business F,512.55,518.00,1.06,weekly nse groupall 2022-12-02
TVS Motor Co. Ltd.,"1,037.45","1,048.40",1.06,weekly nse groupall 2022-12-02
Pritish Nandy Comm.,42.40,42.85,1.06,weekly nse groupall 2022-12-02
Zenith Steel Pipes,4.70,4.75,1.06,weekly nse groupall 2022-12-02
SoftTech Engineers,149.10,150.65,1.04,weekly nse groupall 2022-12-02
Lyka Labs,136.25,137.65,1.03,weekly nse groupall 2022-12-02
B C Power Controls L,4.85,4.90,1.03,weekly nse groupall 2022-12-02
SJVN Ltd.,38.85,39.25,1.03,weekly nse groupall 2022-12-02
Lokesh Machines,102.75,103.80,1.02,weekly nse groupall 2022-12-02
MMP Industries Ltd.,132.35,133.70,1.02,weekly nse groupall 2022-12-02
Amara Raja Batt.,646.50,653.10,1.02,weekly nse groupall 2022-12-02
Finolex Industries,161.75,163.40,1.02,weekly nse groupall 2022-12-02
FIEM Industries,"1,964.70","1,984.70",1.02,weekly nse groupall 2022-12-02
Wealth First Portfol,291.75,294.70,1.01,weekly nse groupall 2022-12-02
V-Mart Retail,"2,773.00","2,800.50",0.99,weekly nse groupall 2022-12-02
Jagran Prakashan,71.50,72.20,0.98,weekly nse groupall 2022-12-02
Adani Ports & Speci,879.60,888.20,0.98,weekly nse groupall 2022-12-02
Shanti Overseas (Ind,20.55,20.75,0.97,weekly nse groupall 2022-12-02
Vardhman Textiles Lt,341.35,344.65,0.97,weekly nse groupall 2022-12-02
Ahluwalia Contra,429.80,433.95,0.97,weekly nse groupall 2022-12-02
Balaxi Pharmaceutica,575.55,581.15,0.97,weekly nse groupall 2022-12-02
Excel Industries,"1,176.40","1,187.65",0.96,weekly nse groupall 2022-12-02
Kolte-Patil Develope,312.95,315.95,0.96,weekly nse groupall 2022-12-02
Wonder Fibromats,195.30,197.15,0.95,weekly nse groupall 2022-12-02
Coffee Day Enterpris,52.45,52.95,0.95,weekly nse groupall 2022-12-02
Carysil L,493.90,498.60,0.95,weekly nse groupall 2022-12-02
TV Today Network Ltd,249.15,251.50,0.94,weekly nse groupall 2022-12-02
Inox Wind Energy,997.80,"1,007.15",0.94,weekly nse groupall 2022-12-02
Kapston Services,118.55,119.65,0.93,weekly nse groupall 2022-12-02
Sanofi India,"5,689.50","5,742.65",0.93,weekly nse groupall 2022-12-02
Amrutanjan Health Ca,705.80,712.35,0.93,weekly nse groupall 2022-12-02
RS Software (India),26.75,27.00,0.93,weekly nse groupall 2022-12-02
Bharat Forge,847.05,854.95,0.93,weekly nse groupall 2022-12-02
RateGain Travel Tech,305.95,308.75,0.92,weekly nse groupall 2022-12-02
Pilani Investmen,"1,916.25","1,933.95",0.92,weekly nse groupall 2022-12-02
Aban Offshore,48.65,49.10,0.92,weekly nse groupall 2022-12-02
Jindal Stainless (Hi,339.10,342.20,0.91,weekly nse groupall 2022-12-02
Archidply Industries,76.85,77.55,0.91,weekly nse groupall 2022-12-02
Sudarshan Chem.,388.45,392.00,0.91,weekly nse groupall 2022-12-02
Goyal Aluminiums,154.40,155.80,0.91,weekly nse groupall 2022-12-02
Navkar Corporation L,55.50,56.00,0.9,weekly nse groupall 2022-12-02
Sarla Performance Fi,44.85,45.25,0.89,weekly nse groupall 2022-12-02
Mahindra Logistics L,503.40,507.90,0.89,weekly nse groupall 2022-12-02
Rallis India,238.90,241.00,0.88,weekly nse groupall 2022-12-02
Dreamfolks Services,371.15,374.40,0.88,weekly nse groupall 2022-12-02
Titan Company,"2,595.40","2,617.90",0.87,weekly nse groupall 2022-12-02
Bharat Dynamics,957.95,966.30,0.87,weekly nse groupall 2022-12-02
Guj. Alkalie & C,787.25,794.00,0.86,weekly nse groupall 2022-12-02
KSB,"1,911.00","1,927.50",0.86,weekly nse groupall 2022-12-02
Thomas Cook (I),75.40,76.05,0.86,weekly nse groupall 2022-12-02
Zuari Industries,146.10,147.35,0.86,weekly nse groupall 2022-12-02
Guj. Raffia Indu,29.25,29.50,0.85,weekly nse groupall 2022-12-02
Crompton Greaves Con,365.20,368.25,0.84,weekly nse groupall 2022-12-02
UPL,777.15,783.70,0.84,weekly nse groupall 2022-12-02
Meghmani Finechem,"1,249.65","1,260.10",0.84,weekly nse groupall 2022-12-02
Barak Valley Cements,23.90,24.10,0.84,weekly nse groupall 2022-12-02
Sterlite Technologie,175.40,176.85,0.83,weekly nse groupall 2022-12-02
Khadim India,264.25,266.45,0.83,weekly nse groupall 2022-12-02
Mindteck (India),138.50,139.65,0.83,weekly nse groupall 2022-12-02
Samvardhana Mother,73.40,74.00,0.82,weekly nse groupall 2022-12-02
Cipla,"1,105.35","1,114.35",0.81,weekly nse groupall 2022-12-02
Tata Consumer Produc,789.15,795.55,0.81,weekly nse groupall 2022-12-02
Elgi Equipments,484.95,488.85,0.8,weekly nse groupall 2022-12-02
Shriram Trans.Fi,"1,280.15","1,290.35",0.8,weekly nse groupall 2022-12-02
Jash Engineering,840.10,846.75,0.79,weekly nse groupall 2022-12-02
Indian Hotels Co,322.00,324.55,0.79,weekly nse groupall 2022-12-02
Action Construction,328.70,331.25,0.78,weekly nse groupall 2022-12-02
Automotive Axles,"1,995.10","2,010.65",0.78,weekly nse groupall 2022-12-02
SAL Steel,13.05,13.15,0.77,weekly nse groupall 2022-12-02
D P Abhushan,311.15,313.55,0.77,weekly nse groupall 2022-12-02
Jayant Agro Org,174.90,176.25,0.77,weekly nse groupall 2022-12-02
Sukhjit Starch &,423.60,426.85,0.77,weekly nse groupall 2022-12-02
Choice Internati,268.05,270.10,0.76,weekly nse groupall 2022-12-02
Dhunseri Tea & Indus,217.65,219.30,0.76,weekly nse groupall 2022-12-02
Vedant Fashions,"1,389.95","1,400.35",0.75,weekly nse groupall 2022-12-02
Tata Teleservices (M,100.30,101.05,0.75,weekly nse groupall 2022-12-02
Crest Ventures,166.55,167.80,0.75,weekly nse groupall 2022-12-02
Punj. NationlBak,53.60,54.00,0.75,weekly nse groupall 2022-12-02
Balmer Lawrie &,121.55,122.45,0.74,weekly nse groupall 2022-12-02
IIFL Securities,68.15,68.65,0.73,weekly nse groupall 2022-12-02
Sundaram Fasten.,903.40,910.00,0.73,weekly nse groupall 2022-12-02
Munjal Showa Ltd,110.25,111.05,0.73,weekly nse groupall 2022-12-02
Rajesh Exports L,722.05,727.30,0.73,weekly nse groupall 2022-12-02
TVS Electronics,283.40,285.45,0.72,weekly nse groupall 2022-12-02
Sandhar Technologies,228.95,230.60,0.72,weekly nse groupall 2022-12-02
Rane Engine Valve Lt,221.40,222.95,0.7,weekly nse groupall 2022-12-02
Manaksia Steels,35.60,35.85,0.7,weekly nse groupall 2022-12-02
Tata Chemicals,"1,032.10","1,039.35",0.7,weekly nse groupall 2022-12-02
Amber Enterprises,"1,997.75","2,011.75",0.7,weekly nse groupall 2022-12-02
Nagreeka Capital & I,14.35,14.45,0.7,weekly nse groupall 2022-12-02
Career Point,145.05,146.05,0.69,weekly nse groupall 2022-12-02
Indostar Capital Fin,151.90,152.95,0.69,weekly nse groupall 2022-12-02
Suven Pharmaceutical,464.25,467.35,0.67,weekly nse groupall 2022-12-02
Indian Overseas,22.80,22.95,0.66,weekly nse groupall 2022-12-02
Shyam Metalics,293.65,295.55,0.65,weekly nse groupall 2022-12-02
Mangalam Cement,336.55,338.75,0.65,weekly nse groupall 2022-12-02
Page Industries Ltd.,"47,233.40","47,539.15",0.65,weekly nse groupall 2022-12-02
HCL Technologies,"1,128.20","1,135.55",0.65,weekly nse groupall 2022-12-02
KPI Green Energy,906.65,912.50,0.65,weekly nse groupall 2022-12-02
Nitco Ltd.,23.00,23.15,0.65,weekly nse groupall 2022-12-02
AKG Exim Ltd.,61.10,61.50,0.65,weekly nse groupall 2022-12-02
Goa Carbons,596.45,600.25,0.64,weekly nse groupall 2022-12-02
Sansera Engineering,790.50,795.50,0.63,weekly nse groupall 2022-12-02
NoidaTollBridge,8.00,8.05,0.63,weekly nse groupall 2022-12-02
Nahar Poly Films Ltd,284.40,286.20,0.63,weekly nse groupall 2022-12-02
Stove Kraft,607.75,611.60,0.63,weekly nse groupall 2022-12-02
Aster DM Healthcare,232.05,233.50,0.62,weekly nse groupall 2022-12-02
IFB Agro Indus,561.90,565.30,0.61,weekly nse groupall 2022-12-02
LT Foods Ltd.,115.05,115.75,0.61,weekly nse groupall 2022-12-02
Kanani Industries Lt,8.20,8.25,0.61,weekly nse groupall 2022-12-02
Sun Pharma.,"1,033.85","1,040.00",0.59,weekly nse groupall 2022-12-02
Torrent Power Ltd.,546.50,549.70,0.59,weekly nse groupall 2022-12-02
Global Vectra Helico,51.85,52.15,0.58,weekly nse groupall 2022-12-02
Kavveri Telecom Prod,8.65,8.70,0.58,weekly nse groupall 2022-12-02
Autoline Industries,87.20,87.70,0.57,weekly nse groupall 2022-12-02
CSB Bank,218.00,219.25,0.57,weekly nse groupall 2022-12-02
Allied Digital Servi,105.20,105.80,0.57,weekly nse groupall 2022-12-02
Bafna Pharmaceutical,98.65,99.20,0.56,weekly nse groupall 2022-12-02
Tips Films,495.75,498.55,0.56,weekly nse groupall 2022-12-02
TD Power Systems Ltd,115.85,116.50,0.56,weekly nse groupall 2022-12-02
Laxmi Organic Indust,302.55,304.20,0.55,weekly nse groupall 2022-12-02
Bajaj Finserv Ltd.,"1,633.70","1,642.65",0.55,weekly nse groupall 2022-12-02
Adani Enterprises Lt,"3,901.10","3,922.50",0.55,weekly nse groupall 2022-12-02
ZF Commercial Vehicl,"9,315.65","9,367.10",0.55,weekly nse groupall 2022-12-02
HDFC Life Insurance,586.60,589.85,0.55,weekly nse groupall 2022-12-02
Ind-Swift L,9.20,9.25,0.54,weekly nse groupall 2022-12-02
Datamatics Global Se,306.80,308.45,0.54,weekly nse groupall 2022-12-02
PNB Housing Finance,443.85,446.25,0.54,weekly nse groupall 2022-12-02
Shyam Telecom,9.45,9.50,0.53,weekly nse groupall 2022-12-02
Federal Bank,132.55,133.25,0.53,weekly nse groupall 2022-12-02
Bajaj Auto,"3,640.25","3,659.35",0.52,weekly nse groupall 2022-12-02
JK Paper Ltd.,411.95,414.10,0.52,weekly nse groupall 2022-12-02
Restaurant Brands,117.10,117.70,0.51,weekly nse groupall 2022-12-02
Tata Motors Ltd.,433.20,435.40,0.51,weekly nse groupall 2022-12-02
Narayana Hrudayalaya,753.75,757.60,0.51,weekly nse groupall 2022-12-02
Tata Power Co.,224.10,225.25,0.51,weekly nse groupall 2022-12-02
InterGlobe Aviation,"1,906.95","1,916.50",0.5,weekly nse groupall 2022-12-02
Jullundur Motor,69.50,69.85,0.5,weekly nse groupall 2022-12-02
Precision Camshafts,108.95,109.50,0.5,weekly nse groupall 2022-12-02
Biocon,282.15,283.55,0.5,weekly nse groupall 2022-12-02
Jai Balaji Industrie,41.45,41.65,0.48,weekly nse groupall 2022-12-02
Sreeleathers Ltd.,217.40,218.45,0.48,weekly nse groupall 2022-12-02
Greenply Industr,159.65,160.40,0.47,weekly nse groupall 2022-12-02
Indraprastha Med,85.20,85.60,0.47,weekly nse groupall 2022-12-02
Nectar Lifesciences,21.10,21.20,0.47,weekly nse groupall 2022-12-02
Time Technoplast Ltd,96.10,96.55,0.47,weekly nse groupall 2022-12-02
Patanjali Foods,"1,266.85","1,272.75",0.47,weekly nse groupall 2022-12-02
Exxaro Tiles,118.30,118.85,0.46,weekly nse groupall 2022-12-02
Vinyl Chemicals,546.55,549.00,0.45,weekly nse groupall 2022-12-02
Dhanuka Agritech Ltd,702.15,705.30,0.45,weekly nse groupall 2022-12-02
Aavas Financiers,"1,905.90","1,914.35",0.44,weekly nse groupall 2022-12-02
Fine Organic Indus,"6,079.10","6,105.60",0.44,weekly nse groupall 2022-12-02
GMR Power and Urban,23.30,23.40,0.43,weekly nse groupall 2022-12-02
Laxmi Cotspin,23.30,23.40,0.43,weekly nse groupall 2022-12-02
Marksans Pharma,58.10,58.35,0.43,weekly nse groupall 2022-12-02
Adani Power Ltd.,323.95,325.30,0.42,weekly nse groupall 2022-12-02
Poly Medicure Lt,959.95,964.00,0.42,weekly nse groupall 2022-12-02
Mangalam Organics,540.65,542.85,0.41,weekly nse groupall 2022-12-02
KEC International Lt,417.55,419.25,0.41,weekly nse groupall 2022-12-02
Ausom Enterprise,73.35,73.65,0.41,weekly nse groupall 2022-12-02
Fortis Healthcare,287.55,288.70,0.4,weekly nse groupall 2022-12-02
Universus Photo Imag,525.95,528.05,0.4,weekly nse groupall 2022-12-02
V2 Retail,100.55,100.95,0.4,weekly nse groupall 2022-12-02
Aether Industries,904.00,907.50,0.39,weekly nse groupall 2022-12-02
Spicejet Ltd.,38.80,38.95,0.39,weekly nse groupall 2022-12-02
Kohinoor Foods Ltd.,53.45,53.65,0.37,weekly nse groupall 2022-12-02
Banaras Beads Li,82.55,82.85,0.36,weekly nse groupall 2022-12-02
Nilkamal Ltd.,"1,925.95","1,932.90",0.36,weekly nse groupall 2022-12-02
Rajshree Polypack,167.50,168.10,0.36,weekly nse groupall 2022-12-02
Steel Strips Wheels,164.85,165.45,0.36,weekly nse groupall 2022-12-02
Capacit'e Infraproje,143.90,144.40,0.35,weekly nse groupall 2022-12-02
Guj. Industries,88.20,88.50,0.34,weekly nse groupall 2022-12-02
Tera Software,46.80,46.95,0.32,weekly nse groupall 2022-12-02
Grindwell Norton,"1,931.95","1,937.90",0.31,weekly nse groupall 2022-12-02
GFL L,67.55,67.75,0.3,weekly nse groupall 2022-12-02
Superhouse,214.65,215.30,0.3,weekly nse groupall 2022-12-02
CMS Info Systems,333.65,334.65,0.3,weekly nse groupall 2022-12-02
Malu Paper Mills,33.10,33.20,0.3,weekly nse groupall 2022-12-02
Mahi. & Mahi,"1,260.80","1,264.60",0.3,weekly nse groupall 2022-12-02
Bajaj Electricals,"1,105.25","1,108.50",0.29,weekly nse groupall 2022-12-02
BPL Ltd.,71.55,71.75,0.28,weekly nse groupall 2022-12-02
Kanpur Plasti.,92.30,92.55,0.27,weekly nse groupall 2022-12-02
Jindal Photo,346.00,346.95,0.27,weekly nse groupall 2022-12-02
Vindhya Telelink,"1,651.50","1,655.85",0.26,weekly nse groupall 2022-12-02
JSW Energy Ltd.,307.60,308.40,0.26,weekly nse groupall 2022-12-02
Lagnam Spintex,59.85,60.00,0.25,weekly nse groupall 2022-12-02
ONGC,140.55,140.90,0.25,weekly nse groupall 2022-12-02
Lumax Auto Technolog,264.40,265.05,0.25,weekly nse groupall 2022-12-02
HG Infra Engineering,591.80,593.20,0.24,weekly nse groupall 2022-12-02
JBM Auto,425.25,426.25,0.24,weekly nse groupall 2022-12-02
Sanginita Chemicals,21.60,21.65,0.23,weekly nse groupall 2022-12-02
Jindal Stainless,176.55,176.95,0.23,weekly nse groupall 2022-12-02
Adani Transmission L,"2,739.60","2,745.70",0.22,weekly nse groupall 2022-12-02
Bharti Airtel,846.85,848.65,0.21,weekly nse groupall 2022-12-02
Venus Remedies L,198.70,199.10,0.2,weekly nse groupall 2022-12-02
BASF India Lt,"2,658.60","2,664.00",0.2,weekly nse groupall 2022-12-02
Uniphos Enterprises,133.60,133.85,0.19,weekly nse groupall 2022-12-02
NOCIL Ltd.,233.15,233.60,0.19,weekly nse groupall 2022-12-02
GlaxoSmithKline Phar,"1,333.70","1,336.15",0.18,weekly nse groupall 2022-12-02
Maha. Seamless,387.25,387.95,0.18,weekly nse groupall 2022-12-02
Sundaram Finance,"2,254.30","2,258.25",0.18,weekly nse groupall 2022-12-02
V-Guard Ind.Ltd.,251.95,252.40,0.18,weekly nse groupall 2022-12-02
Aptech,326.45,327.05,0.18,weekly nse groupall 2022-12-02
Marshall Machines,28.35,28.40,0.18,weekly nse groupall 2022-12-02
Ambica Agarbathi,29.10,29.15,0.17,weekly nse groupall 2022-12-02
Wendt India,"8,190.85","8,205.05",0.17,weekly nse groupall 2022-12-02
Dixon Technologies,"4,368.30","4,375.15",0.16,weekly nse groupall 2022-12-02
Emami Paper Mill,152.80,153.05,0.16,weekly nse groupall 2022-12-02
Pasupati Acrylon,30.65,30.70,0.16,weekly nse groupall 2022-12-02
Polyplex Corpn.,"1,782.50","1,785.10",0.15,weekly nse groupall 2022-12-02
Apcotex Industries L,487.50,488.25,0.15,weekly nse groupall 2022-12-02
Hitech Corporation,241.10,241.45,0.15,weekly nse groupall 2022-12-02
Alembic Pharmaceutic,597.85,598.70,0.14,weekly nse groupall 2022-12-02
Infosys,"1,635.65","1,637.90",0.14,weekly nse groupall 2022-12-02
Anand Rathi Wealth,709.85,710.80,0.13,weekly nse groupall 2022-12-02
Mas Financial Servic,846.50,847.60,0.13,weekly nse groupall 2022-12-02
Hardwyn India,331.10,331.50,0.12,weekly nse groupall 2022-12-02
Kotak Mahindra Bank,"1,928.40","1,930.80",0.12,weekly nse groupall 2022-12-02
Bodal Chemicals,80.45,80.55,0.12,weekly nse groupall 2022-12-02
Emmbi Industries,93.35,93.45,0.11,weekly nse groupall 2022-12-02
BSE,571.95,572.60,0.11,weekly nse groupall 2022-12-02
Shiva Mills,102.75,102.85,0.1,weekly nse groupall 2022-12-02
Pokarna Ltd.,447.70,448.10,0.09,weekly nse groupall 2022-12-02
HB Stockholding,57.15,57.20,0.09,weekly nse groupall 2022-12-02
KPIT Technologies,718.35,719.00,0.09,weekly nse groupall 2022-12-02
Yuken India,499.70,500.10,0.08,weekly nse groupall 2022-12-02
Vesuvius India,"1,736.90","1,738.15",0.07,weekly nse groupall 2022-12-02
Ujjivan Financial,295.80,296.00,0.07,weekly nse groupall 2022-12-02
Oriental Aromatics,453.35,453.65,0.07,weekly nse groupall 2022-12-02
Mahamaya Steel Indus,68.95,69.00,0.07,weekly nse groupall 2022-12-02
SMC Global Secur,79.20,79.25,0.06,weekly nse groupall 2022-12-02
Tega Industries,571.75,572.00,0.04,weekly nse groupall 2022-12-02
Bajaj Holdings & Inv,"6,371.80","6,374.45",0.04,weekly nse groupall 2022-12-02
ICICI Bank,930.30,930.60,0.03,weekly nse groupall 2022-12-02
SBI,607.40,607.55,0.02,weekly nse groupall 2022-12-02
Sumitomo Chemical,470.50,470.60,0.02,weekly nse groupall 2022-12-02
Orchid Pharma,400.25,400.35,0.02,weekly nse groupall 2022-12-02
